path_id,Date,sp500_abs,DGS10_abs,sp500,DGS10
0,2026-05-15,7349.525446184666,1.64,-0.020225293878082896,0.0
0,2026-05-18,7334.8438811564465,1.56,-0.001997620817251751,-0.0799999999999998
0,2026-05-19,7337.584252044882,1.59,0.0003736099817307398,0.03
0,2026-05-20,7315.203155055288,1.61,-0.0030501996598344475,0.02
0,2026-05-21,7334.531378394467,1.58,0.002642199120036836,-0.03
0,2026-05-22,7365.3662844563305,1.57,0.004204073099025126,-0.01
0,2026-05-25,7372.188235809198,1.57,0.0009262202434201601,0.0
0,2026-05-26,7385.649715223977,1.58,0.0018259815110786507,0.01
0,2026-05-27,7377.57938285038,1.58,-0.0010927044586154426,0.0
0,2026-05-28,7372.992279740744,1.63,-0.0006217626231578605,0.0499999999999998
0,2026-05-29,7375.3679082175095,1.63,0.0003222068309081519,0.0
0,2026-06-01,7396.914061166934,1.65,0.0029213665294469137,0.02
0,2026-06-02,7426.564597340463,1.65,0.004008500832690602,0.0
0,2026-06-03,7411.856686206204,1.63,-0.0019804461324587673,-0.02
0,2026-06-04,7405.42317837569,1.61,-0.0008680021893146944,-0.0199999999999997
0,2026-06-05,7408.687516122506,1.59,0.0004408036743054402,-0.02
0,2026-06-08,7385.720500486732,1.58,-0.0031000113833649793,-0.01
0,2026-06-09,7375.921345285184,1.6,-0.0013267703808860555,0.02
0,2026-06-10,7379.366089025372,1.63,0.00046702555232512464,0.0299999999999998
0,2026-06-11,7371.804756289625,1.64,-0.0010246588452892454,0.01
0,2026-06-12,7353.999046036597,1.69,-0.0024153800652188563,0.05
0,2026-06-15,7341.435224428342,1.66,-0.0017084339458850774,-0.03
0,2026-06-16,7331.831320975408,1.63,-0.0013081779188049416,-0.03
0,2026-06-17,7407.7184182154215,1.64,0.010350360492188307,0.01
0,2026-06-18,7384.390731106237,1.64,-0.0031491055399490864,0.0
0,2026-06-19,7335.960633758861,1.68,-0.006558441868923173,0.04
0,2026-06-22,7370.617736018564,1.63,0.0047242759319368385,-0.05
0,2026-06-23,7377.389799751108,1.63,0.0009187918808283954,0.0
0,2026-06-24,7350.194792772719,1.61,-0.0036862640739556054,-0.0199999999999997
0,2026-06-25,7310.3315636484995,1.56,-0.005423424854456392,-0.05
0,2026-06-26,7333.235559173752,1.58,0.0031330994122271685,0.02
0,2026-06-29,7367.813303115692,1.61,0.004715209768310851,0.03
0,2026-06-30,7389.382780387624,1.58,0.0029275276645256932,-0.03
0,2026-07-01,7464.207924874359,1.62,0.010126034434882854,0.04
0,2026-07-02,7498.935199802389,1.59,0.004652506371413038,-0.03
0,2026-07-03,7496.442953220074,1.63,-0.0003323467286904529,0.0399999999999998
0,2026-07-06,7514.156484579392,1.56,0.00236292485247407,-0.0699999999999998
0,2026-07-07,7401.515488279493,1.57,-0.014990504460621935,0.01
0,2026-07-08,7348.579000943394,1.53,-0.00715211464732138,-0.04
0,2026-07-09,7372.783928083619,1.5,0.0032938241716006615,-0.03
0,2026-07-10,7333.55250889197,1.45,-0.005321113377839965,-0.05
0,2026-07-13,7384.926728505657,1.47,0.007005366028455546,0.02
0,2026-07-14,7382.422716993139,1.51,-0.00033907059671312603,0.04
0,2026-07-15,7270.082403789168,1.51,-0.015217269114837109,0.0
0,2026-07-16,7282.324352794138,1.57,0.0016838803640780431,0.06
0,2026-07-17,7396.900463681088,1.52,0.01573345340529758,-0.05
0,2026-07-20,6954.784234621053,1.45,-0.05977047159561408,-0.07
0,2026-07-21,6826.902147318275,1.5,-0.018387642662755603,0.05
0,2026-07-22,6611.464752091588,1.48,-0.03155712365253606,-0.02
0,2026-07-23,6488.447472974308,1.5,-0.018606660358941308,0.02
0,2026-07-24,6105.86392056011,1.49,-0.05896380513331352,-0.01
0,2026-07-27,6067.43530651537,1.54,-0.006293722648377478,0.05
0,2026-07-28,6079.753440801857,1.49,0.002030204470949974,-0.05
0,2026-07-29,6018.7812684913315,1.49,-0.010028724504078617,0.0
0,2026-07-30,5999.042337442048,1.45,-0.003279556137488868,-0.04
0,2026-07-31,6142.555790416071,1.48,0.023922727145682537,0.03
0,2026-08-03,6301.967201902125,1.44,0.025951968028483492,-0.04
0,2026-08-04,6326.995781299717,1.37,0.003971550247046384,-0.0699999999999998
0,2026-08-05,6051.629462431587,1.33,-0.04352244388751015,-0.04
0,2026-08-06,6170.859341797149,1.3,0.019702111655338098,-0.03
0,2026-08-07,6385.941100750314,1.37,0.034854425784160946,0.07
0,2026-08-10,6342.206672444669,1.38,-0.0068485486501757165,0.0099999999999997
0,2026-08-11,6204.94680584615,1.42,-0.021642288510539863,0.04
0,2026-08-12,6268.26535692441,1.37,0.010204527622799768,-0.0499999999999998
0,2026-08-13,6263.857614377391,1.31,-0.0007031837830780715,-0.06
0,2026-08-14,6324.1933419899715,1.31,0.00963235937453176,0.0
0,2026-08-17,6358.679759756677,1.19,0.005453093525419267,-0.1200000000000001
0,2026-08-18,6421.373605193959,1.23,0.009859569565692464,0.04
0,2026-08-19,6746.451567047898,1.3,0.050624365103285496,0.07
0,2026-08-20,6829.220828528056,1.27,0.012268562318661361,-0.03
0,2026-08-21,6656.998555028717,1.3,-0.025218436747557704,0.03
0,2026-08-24,6626.82910339927,1.29,-0.004531990112369351,-0.01
0,2026-08-25,6562.926341197103,1.25,-0.009643037598387316,-0.04
0,2026-08-26,6554.384077708066,1.26,-0.001301593686251666,0.01
0,2026-08-27,6550.775306279652,1.28,-0.0005505889471274919,0.02
0,2026-08-28,6559.694813031585,1.24,0.0013615955875304541,-0.04
0,2026-08-31,6761.4553101544325,1.2,0.030757604259580337,-0.04
0,2026-09-01,6696.81792312889,1.19,-0.009559685609171927,-0.01
0,2026-09-02,6604.85338257829,1.19,-0.013732572933330205,0.0
0,2026-09-03,6612.44079659118,1.23,0.0011487634279519186,0.04
0,2026-09-04,6692.332310879023,1.31,0.01208200069315243,0.08
0,2026-09-07,6791.383244535366,1.33,0.014800659778255041,0.02
0,2026-09-08,6781.732215221151,1.36,-0.0014210697536441467,0.03
0,2026-09-09,6765.1900061782635,1.35,-0.002439230644607145,-0.01
0,2026-09-10,6790.960411031367,1.36,0.0038092654943274367,0.01
0,2026-09-11,6872.820394652304,1.29,0.012054257228176865,-0.07
0,2026-09-14,6953.217684728596,1.26,0.011697859897349954,-0.03
0,2026-09-15,6895.3631992064265,1.26,-0.00832053419659738,0.0
0,2026-09-16,6897.3732715802125,1.27,0.000291510732026056,0.01
0,2026-09-17,6958.333852246212,1.24,0.008838231347747933,-0.03
0,2026-09-18,6903.29322089584,1.26,-0.007910030262863056,0.02
0,2026-09-21,6931.4467866354325,1.25,0.004078280443654549,-0.01
0,2026-09-22,6968.391187416834,1.29,0.0053299696179785125,0.04
0,2026-09-23,6960.14347846252,1.35,-0.0011835886838856037,0.06
0,2026-09-24,6906.08406633362,1.34,-0.007766996800594941,-0.01
0,2026-09-25,6949.355676002619,1.31,0.00626572298474351,-0.03
0,2026-09-28,6949.43569519272,1.29,1.1514620035774797e-05,-0.02
0,2026-09-29,6946.554509758832,1.3,-0.00041459271806508057,0.01
0,2026-09-30,7017.703016417791,1.31,0.010242272850375914,0.01
0,2026-10-01,7029.652379217673,1.29,0.00170274558098652,-0.02
0,2026-10-02,7018.09858045427,1.33,-0.001643580384936377,0.04
0,2026-10-05,6992.4686579324425,1.38,-0.003651975279060228,0.0499999999999998
0,2026-10-06,6991.144362115198,1.35,-0.00018938888138471903,-0.0299999999999998
0,2026-10-07,6982.782525081625,1.3,-0.0011960612741579205,-0.05
0,2026-10-08,6937.174006842875,1.35,-0.006531567906479611,0.05
0,2026-10-09,6992.67553174632,1.33,0.008000595753933453,-0.02
0,2026-10-12,7031.434214492601,1.28,0.005542754353511689,-0.05
0,2026-10-13,6984.840337569705,1.31,-0.006626511107344221,0.03
0,2026-10-14,7090.918914059246,1.34,0.01518697226606187,0.03
0,2026-10-15,7149.936271706843,1.37,0.008322949163976804,0.03
0,2026-10-16,7189.1936108434265,1.31,0.005490585880034926,-0.06
0,2026-10-19,7284.233927304253,1.33,0.013219885512260818,0.02
0,2026-10-20,7200.0345835022,1.32,-0.011559121335524293,-0.01
0,2026-10-21,7133.371207138133,1.41,-0.009258757800527175,0.0899999999999998
0,2026-10-22,7303.814233793666,1.47,0.023893755379641054,0.06
0,2026-10-23,7309.962960375921,1.48,0.0008418514471256202,0.01
0,2026-10-26,7301.861256728487,1.54,-0.001108309808319142,0.06
0,2026-10-27,7581.597018304889,1.55,0.038310199515039,0.01
0,2026-10-28,7557.189317009138,1.52,-0.0032193350868981556,-0.03
0,2026-10-29,7508.698353863029,1.48,-0.006416534125586778,-0.04
0,2026-10-30,7607.730320416612,1.49,0.013188965901477976,0.01
0,2026-11-02,7976.777872312605,1.54,0.048509547046586665,0.05
0,2026-11-03,7909.04069656688,1.53,-0.008491796666526306,-0.01
0,2026-11-04,7909.473823251095,1.58,5.476349165880662e-05,0.05
0,2026-11-05,7970.234166624859,1.61,0.007681970347401686,0.03
0,2026-11-06,7868.851158062358,1.56,-0.012720204506291662,-0.03
0,2026-11-09,7816.977946000947,1.52,-0.006592221789360244,-0.04
0,2026-11-10,7846.433443930443,1.59,0.0037681439212151804,0.07
0,2026-11-11,7786.554777333758,1.59,-0.007631322820051911,0.0
0,2026-11-12,7817.612723364349,1.65,0.003988663397193333,0.0599999999999998
0,2026-11-13,7876.427890540881,1.65,0.0075234178588498915,0.0
0,2026-11-16,7913.920958381924,1.68,0.004760161377985754,0.03
0,2026-11-17,7813.224411859595,1.66,-0.012723976781152564,-0.02
0,2026-11-18,7861.120704687357,1.64,0.006130157064868268,-0.02
0,2026-11-19,7892.386931267891,1.63,0.003977324322458287,-0.01
0,2026-11-20,7878.086109828865,1.54,-0.0018119767268845674,-0.0899999999999998
0,2026-11-23,7927.050480757677,1.57,0.006215262215491957,0.03
0,2026-11-24,7857.4674240675795,1.55,-0.008777925264763401,-0.02
0,2026-11-25,7880.945530802461,1.58,0.0029879992455289165,0.03
0,2026-11-26,7878.824074721365,1.56,-0.0002691880146619768,-0.02
0,2026-11-27,7900.113332633567,1.6,0.0027020857059756576,0.04
0,2026-11-30,7860.304082833448,1.53,-0.0050390732542627496,-0.07
0,2026-12-01,7926.683251063634,1.45,0.008444860088193739,-0.08
0,2026-12-02,7885.707838123133,1.51,-0.005169301161996398,0.06
0,2026-12-03,7896.92911903354,1.46,0.0014229896847252474,-0.05
0,2026-12-04,7967.895811336539,1.56,0.008986618878463862,0.1
0,2026-12-07,7998.349969257988,1.63,0.003822107949519079,0.0499999999999998
0,2026-12-08,7976.785385657833,1.63,-0.0026961290369937876,0.0
0,2026-12-09,7925.712028054869,1.6,-0.006402749370039944,-0.0299999999999998
0,2026-12-10,7857.8271772754015,1.59,-0.008565142228127097,-0.01
0,2026-12-11,7888.940700538497,1.54,0.003959558101898001,-0.05
0,2026-12-14,7904.207228457534,1.63,0.0019351809702404528,0.0899999999999998
0,2026-12-15,7885.4889716302305,1.67,-0.0023681384212590924,0.04
0,2026-12-16,7869.619399162802,1.64,-0.002012503286038723,-0.03
0,2026-12-17,7870.551044490695,1.48,0.00011838505531689108,-0.1599999999999999
0,2026-12-18,7862.581275170814,1.52,-0.0010126062679511553,0.04
0,2026-12-21,7892.1790322991465,1.43,0.003764381707798483,-0.09
0,2026-12-22,7790.55595106097,1.43,-0.012876428781237494,0.0
0,2026-12-23,7901.795658606207,1.44,0.014278789375755456,0.01
0,2026-12-24,7991.935871563422,1.35,0.011407560616812168,-0.0899999999999998
0,2026-12-25,7912.692278641342,1.43,-0.009915444042042481,0.0799999999999998
0,2026-12-28,7885.021174686925,1.48,-0.003497052959977886,0.05
0,2026-12-29,7935.9555352719635,1.52,0.006459635231995454,0.04
0,2026-12-30,8051.709985038691,1.49,0.014586075898768362,-0.03
0,2026-12-31,8074.952919509565,1.48,0.0028867078563512673,-0.01
0,2027-01-01,8094.115330162757,1.42,0.0023730677867973378,-0.06
0,2027-01-04,8083.215108578897,1.44,-0.0013466847381381993,0.02
0,2027-01-05,8061.589661083394,1.47,-0.0026753522212406987,0.03
0,2027-01-06,8056.551314970098,1.44,-0.0006249817126785431,-0.03
0,2027-01-07,8071.895443483564,1.41,0.0019045529425171083,-0.03
0,2027-01-08,8058.927697216598,1.43,-0.0016065305054756218,0.02
0,2027-01-11,8153.58347914678,1.48,0.011745456155770283,0.05
0,2027-01-12,7950.9614892586005,1.46,-0.02485066724421186,-0.02
0,2027-01-13,7975.9074783116685,1.5,0.0031374808049025337,0.04
0,2027-01-14,7977.255422373227,1.48,0.0001690019681427344,-0.02
0,2027-01-15,8005.657276818544,1.49,0.003560354149581344,0.01
0,2027-01-18,8043.897653433176,1.55,0.004776669209330526,0.06
0,2027-01-19,8194.401188120135,1.52,0.018710274691613377,-0.03
0,2027-01-20,8361.447158785639,1.52,0.020385378605538507,0.0
0,2027-01-21,8380.889221337182,1.63,0.002325203063815965,0.1099999999999998
0,2027-01-22,8328.064671357572,1.66,-0.00630297675873369,0.03
0,2027-01-25,8328.968313286909,1.71,0.00010850563306085429,0.05
0,2027-01-26,8459.012900630969,1.73,0.015613528885276735,0.02
0,2027-01-27,8548.919093108027,1.76,0.010628449623283022,0.03
0,2027-01-28,8529.7763715076,1.78,-0.002239197890626821,0.02
0,2027-01-29,8542.65502086663,1.75,0.001509846073110333,-0.03
0,2027-02-01,8484.684248825211,1.74,-0.006786036881955036,-0.01
0,2027-02-02,8551.797506291336,1.7,0.007909929880468496,-0.04
0,2027-02-03,8608.108687827382,1.78,0.006584718767559659,0.08
0,2027-02-04,8611.579391355606,1.87,0.0004031900216517505,0.09
0,2027-02-05,8704.225344844164,1.83,0.01075829987488201,-0.04
0,2027-02-08,8667.00127852716,1.83,-0.004276551311835627,0.0
0,2027-02-09,8538.850350983881,1.75,-0.01478607460930894,-0.08
0,2027-02-10,8667.536359633757,1.75,0.015070648080282613,0.0
0,2027-02-11,8722.49911381597,1.78,0.006341219915521116,0.03
0,2027-02-12,8667.379168148624,1.85,-0.006319283607611752,0.07
0,2027-02-15,8691.14969332899,1.81,0.0027425274375581735,-0.04
0,2027-02-16,8598.659387316222,1.78,-0.01064189540812557,-0.03
0,2027-02-17,8615.868060522507,1.79,0.0020013204885949328,0.01
0,2027-02-18,8509.580031256903,1.81,-0.012336311155066351,0.02
0,2027-02-19,8569.585877108228,1.78,0.007051563723581541,-0.03
0,2027-02-22,8583.92703946816,1.82,0.001673495378375568,0.04
0,2027-02-23,8633.132424493668,1.93,0.00573226971749247,0.1099999999999998
0,2027-02-24,8595.23239020057,1.92,-0.004390067524687734,-0.01
0,2027-02-25,8490.156868015105,1.96,-0.012224861110824754,0.04
0,2027-02-26,8454.87629165037,1.94,-0.004155468139540119,-0.02
0,2027-03-01,8500.42220981456,2.03,0.005386940812980219,0.0899999999999998
0,2027-03-02,8521.977903161676,1.92,0.0025358379636989214,-0.1099999999999998
0,2027-03-03,8526.859387762406,1.98,0.0005728112248353048,0.06
0,2027-03-04,8422.897248776802,2.05,-0.012192313049609795,0.0699999999999998
0,2027-03-05,8199.007548276286,2.03,-0.02658107939438898,-0.02
0,2027-03-08,8112.319358213082,1.97,-0.01057301015431179,-0.0599999999999998
0,2027-03-09,8238.744600777263,1.92,0.015584352264951851,-0.05
0,2027-03-10,8414.964982502353,1.94,0.021389227396181862,0.02
0,2027-03-11,8504.644507842184,1.99,0.010657147774982337,0.05
0,2027-03-12,8610.702316859179,1.96,0.012470575215601229,-0.03
0,2027-03-15,8610.042336190634,1.97,-7.664655497993558e-05,0.01
0,2027-03-16,8560.676360546353,1.83,-0.005733534600263235,-0.1399999999999999
0,2027-03-17,8817.20898170064,1.72,0.029966396386221294,-0.1100000000000001
0,2027-03-18,8620.378122918466,1.86,-0.022323487987035373,0.1400000000000001
0,2027-03-19,8418.561383065562,1.86,-0.02341158786484622,0.0
0,2027-03-22,8290.76954511343,1.74,-0.01517977147606156,-0.1200000000000001
0,2027-03-23,8239.943961540668,1.78,-0.006130381901969311,0.04
0,2027-03-24,8258.87204611223,1.86,0.0022971132643507235,0.08
0,2027-03-25,8546.544909278207,1.94,0.03483197966499495,0.0799999999999998
0,2027-03-26,8472.969117617984,1.98,-0.008608834615769584,0.04
0,2027-03-29,8555.171862239624,2.0,0.009701763747812208,0.02
0,2027-03-30,8674.570895938943,2.14,0.013956357116134362,0.1400000000000001
0,2027-03-31,8912.876028420678,2.15,0.02747169114650963,0.0099999999999997
0,2027-04-01,8942.849316477053,2.19,0.003362919888125748,0.04
0,2027-04-02,8845.37722464443,2.2,-0.0108994447276478,0.0100000000000002
0,2027-04-05,8701.188741751288,2.14,-0.016300998728625594,-0.06
0,2027-04-06,8855.526578750865,2.32,0.017737557657956614,0.1799999999999997
0,2027-04-07,8859.952788591267,2.38,0.0004998245785883543,0.06
0,2027-04-08,8848.736546647993,2.32,-0.0012659482743200704,-0.06
0,2027-04-09,8902.89969705465,2.34,0.0061210038428792315,0.02
0,2027-04-12,8947.17916105547,2.48,0.0049736002322332325,0.1400000000000001
0,2027-04-13,8840.791740454493,2.46,-0.011890610290229885,-0.02
0,2027-04-14,8726.160515561898,2.41,-0.01296617183821383,-0.0499999999999998
0,2027-04-15,8818.160016630902,2.35,0.01054295310118749,-0.06
0,2027-04-16,8735.87397274399,2.32,-0.009331430109197621,-0.0300000000000002
0,2027-04-19,8675.864858049335,2.39,-0.006869274314382596,0.0700000000000002
0,2027-04-20,8634.249390640714,2.42,-0.004796693827014999,0.0299999999999998
0,2027-04-21,8639.283921411981,2.54,0.0005830884126098699,0.1200000000000001
0,2027-04-22,8608.184215906906,2.61,-0.0035998013015866087,0.0699999999999998
0,2027-04-23,8635.271642291127,2.66,0.003146706169945462,0.0500000000000002
0,2027-04-26,8616.017264776405,2.72,-0.00222973616955193,0.06
0,2027-04-27,8633.646465344607,2.79,0.0020460962445228163,0.0699999999999998
0,2027-04-28,8629.221231148518,2.72,-0.0005125567990133007,-0.0699999999999998
0,2027-04-29,8676.177944195077,2.7,0.005441593370796929,-0.02
0,2027-04-30,8610.972555404713,2.83,-0.00751545083673515,0.1299999999999999
0,2027-05-03,8655.119837883813,2.85,0.005126863684101637,0.02
0,2027-05-04,8653.598424886874,2.93,-0.00017578185229509118,0.08
0,2027-05-05,8667.85905402496,2.85,0.0016479420973678726,-0.08
0,2027-05-06,8559.60166417327,2.9,-0.012489518943137592,0.0499999999999998
0,2027-05-07,8577.146625297226,2.9,0.002049740374881046,0.0
0,2027-05-10,8712.246937427295,2.81,0.015751195360425203,-0.0899999999999998
0,2027-05-11,8694.949657698862,2.77,-0.0019853982391298793,-0.04
0,2027-05-12,8630.511806924593,2.82,-0.007410951565109166,0.0499999999999998
0,2027-05-13,8585.679350978147,2.85,-0.005194646267730572,0.0300000000000002
0,2027-05-14,8551.554283333218,2.89,-0.003974649675338786,0.04
0,2027-05-17,8530.353032742545,2.99,-0.0024792277389847463,0.1
0,2027-05-18,8545.938832535518,2.97,0.0018270990348406206,-0.02
0,2027-05-19,8549.8723029345,2.93,0.000460273642962122,-0.04
0,2027-05-20,8567.622402912386,3.05,0.002076066091863584,0.1199999999999996
0,2027-05-21,8584.513010393175,3.12,0.0019714462993896675,0.0700000000000002
0,2027-05-24,8515.93212184222,3.05,-0.007988908452689826,-0.0700000000000002
0,2027-05-25,8422.132385295994,2.99,-0.011014617684145429,-0.0599999999999996
0,2027-05-26,8488.579966928683,2.91,0.007889638703459252,-0.08
0,2027-05-27,8561.278620890105,2.84,0.008564289226779362,-0.0700000000000002
0,2027-05-28,8518.710995028085,2.93,-0.004972110796412134,0.0900000000000003
0,2027-05-31,8515.787332840551,2.88,-0.00034320476293186184,-0.0500000000000002
0,2027-06-01,8507.924420306628,2.98,-0.0009233335951920193,0.1
0,2027-06-02,8537.66267674478,2.89,0.003495359733940803,-0.0899999999999998
0,2027-06-03,8562.71149618292,2.84,0.002933920018457572,-0.0500000000000002
0,2027-06-04,8567.098205178854,2.78,0.0005123037250395962,-0.06
0,2027-06-07,8658.089732962357,2.86,0.010621044092677466,0.08
0,2027-06-08,8643.354407394289,2.76,-0.001701914166120116,-0.1
0,2027-06-09,8657.744966255344,2.75,0.0016649275481224856,-0.0099999999999997
0,2027-06-10,8647.626765026576,2.75,-0.0011686878359440222,0.0
0,2027-06-11,8593.48561302992,2.74,-0.006260810447511244,-0.0099999999999997
0,2027-06-14,8602.721730112122,2.85,0.0010747812352414547,0.1099999999999998
0,2027-06-15,8649.825257041059,2.94,0.0054754214313430406,0.0899999999999998
0,2027-06-16,8633.453120002516,2.92,-0.0018927708424184265,-0.02
0,2027-06-17,8638.588349878857,2.96,0.0005948060185145558,0.04
0,2027-06-18,8671.712949280007,3.04,0.0038344921715842235,0.08
0,2027-06-21,8616.693209340201,2.98,-0.006344737223384824,-0.06
0,2027-06-22,8643.62001450308,3.03,0.003124958091079735,0.0499999999999998
0,2027-06-23,8601.021603036123,3.04,-0.004928306819999275,0.0100000000000002
0,2027-06-24,8684.028780718367,3.15,0.00965085097018507,0.1099999999999998
0,2027-06-25,8653.204774140007,3.43,-0.003549505345583301,0.2800000000000002
0,2027-06-28,8647.481942648183,3.49,-0.000661353988631707,0.06
0,2027-06-29,8609.505064169147,3.33,-0.004391669011962846,-0.1600000000000001
0,2027-06-30,8474.439682478911,3.28,-0.015687938003817306,-0.0500000000000002
0,2027-07-01,8484.097797802155,3.25,0.001139675976833168,-0.0299999999999998
0,2027-07-02,8629.210352985623,3.31,0.0171040644087177,0.06
0,2027-07-05,8653.225822320026,3.16,0.00278304367978409,-0.1499999999999999
0,2027-07-06,8631.85607769039,3.09,-0.0024695697383181952,-0.0700000000000002
0,2027-07-07,8471.462734534609,3.13,-0.018581559019540252,0.04
0,2027-07-08,8437.638387954948,3.2,-0.003992739818328258,0.0700000000000002
0,2027-07-09,8326.772477715533,3.2,-0.01313944792866215,0.0
0,2027-07-12,8299.377092955614,3.1,-0.0032900364256661417,-0.1
0,2027-07-13,8365.624148553385,2.98,0.007982172017945797,-0.1200000000000001
0,2027-07-14,8558.482484645043,2.88,0.02305366971632462,-0.1
0,2027-07-15,8414.716693917175,2.82,-0.01679804696519511,-0.06
0,2027-07-16,8442.65107687235,2.93,0.003319705697919553,0.1100000000000003
0,2027-07-19,8627.649992303288,3.01,0.021912419895892973,0.0799999999999996
0,2027-07-20,8697.769036785765,3.09,0.008127247227811746,0.08
0,2027-07-21,8621.331198453207,2.99,-0.0087882120126755,-0.0999999999999996
0,2027-07-22,8441.170704849535,2.96,-0.020897062119130068,-0.0300000000000002
0,2027-07-23,8488.057830639062,2.91,0.0055545761872330705,-0.0499999999999998
0,2027-07-26,8566.36781383038,2.96,0.009225901231333022,0.0499999999999998
0,2027-07-27,8688.083050971492,2.93,0.014208500006805931,-0.0299999999999998
0,2027-07-28,8629.103592981392,2.96,-0.006788546753533424,0.0299999999999998
0,2027-07-29,8662.18958299224,3.01,0.003834232565913225,0.0499999999999998
0,2027-07-30,8853.026629631328,3.04,0.022031040167232868,0.0300000000000002
0,2027-08-02,8784.747510660922,2.91,-0.007712517066409186,-0.1299999999999999
0,2027-08-03,8870.279175245958,2.77,0.009736382802264822,-0.1400000000000001
0,2027-08-04,8777.643113793352,2.81,-0.010443421184659218,0.04
0,2027-08-05,8954.879233899752,2.81,0.02019176649229295,0.0
0,2027-08-06,8981.414747360363,2.78,0.002963246378595027,-0.0300000000000002
0,2027-08-09,8919.943552026465,2.68,-0.006844266417154861,-0.0999999999999996
0,2027-08-10,8908.0901474231,2.67,-0.0013288654277047375,-0.0100000000000002
0,2027-08-11,8896.995286998814,2.6,-0.0012454813816062619,-0.0699999999999998
0,2027-08-12,9092.425946430443,2.75,0.02196591693346308,0.1499999999999999
0,2027-08-13,9078.966516578324,2.73,-0.001480290291217939,-0.02
0,2027-08-16,9358.86090524236,2.68,0.03082888213685396,-0.0499999999999998
0,2027-08-17,9433.152263483196,2.83,0.007938076972510758,0.1499999999999999
0,2027-08-18,9346.109626011232,2.77,-0.009227311829675084,-0.06
0,2027-08-19,9370.268470952022,2.8,0.0025849092197198593,0.0299999999999998
0,2027-08-20,9425.395376387814,2.78,0.0058831724626340134,-0.02
0,2027-08-23,9380.159204758756,2.87,-0.004799392473485219,0.0900000000000003
0,2027-08-24,9500.776172860415,2.84,0.01285873357463558,-0.0300000000000002
0,2027-08-25,9420.84664779524,2.79,-0.008412946859383763,-0.0499999999999998
0,2027-08-26,9351.287336842897,2.82,-0.007383551983475194,0.0299999999999998
0,2027-08-27,9364.937786103581,2.89,0.0014597401158771893,0.0700000000000002
0,2027-08-30,9382.363940271249,2.88,0.0018607869657741908,-0.0100000000000002
0,2027-08-31,9270.109311683374,2.98,-0.011964429146267793,0.1
0,2027-09-01,9316.91402338321,3.03,0.005048992425671263,0.0499999999999998
0,2027-09-02,9263.123714805939,3.05,-0.005773403987872992,0.02
0,2027-09-03,9284.392886040498,3.11,0.002296112185197746,0.06
0,2027-09-06,9337.937122504993,3.03,0.005767123076512769,-0.08
0,2027-09-07,9273.685053388637,3.04,-0.006880756239138042,0.0100000000000002
0,2027-09-08,9447.275070728296,3.12,0.018718558624786143,0.08
0,2027-09-09,9457.736931698018,3.11,0.001107394554662411,-0.0100000000000002
0,2027-09-10,9571.184185416041,3.15,0.011995179664788313,0.04
0,2027-09-13,9614.370063134327,3.26,0.004512072579701262,0.1099999999999998
0,2027-09-14,9692.98701002193,3.2,0.008177025262326432,-0.0599999999999996
0,2027-09-15,9739.436207135122,3.33,0.004792041613711743,0.1299999999999999
0,2027-09-16,9703.313547249361,3.27,-0.0037089066674411177,-0.06
0,2027-09-17,9542.532639155495,3.29,-0.016569691096856617,0.02
0,2027-09-20,9425.406432150552,3.33,-0.012274121706887773,0.04
0,2027-09-21,9319.345654186822,3.37,-0.01125264769505875,0.04
0,2027-09-22,9237.606108009528,3.42,-0.008770953370591087,0.0499999999999998
0,2027-09-23,9095.241069793945,3.41,-0.015411464458540289,-0.0099999999999997
0,2027-09-24,9088.168183462845,3.45,-0.0007776469339100918,0.04
0,2027-09-27,9242.472221386543,3.45,0.016978563205341496,0.0
0,2027-09-28,9315.605583703233,3.49,0.007912748944753533,0.04
0,2027-09-29,9400.1755791621,3.57,0.009078314308069768,0.0799999999999996
0,2027-09-30,9123.518743178412,3.51,-0.029431028564718274,-0.06
0,2027-10-01,9233.520625143068,3.7,0.01205695796338486,0.1900000000000004
0,2027-10-04,9166.329342121862,3.69,-0.0072768866555885416,-0.0100000000000002
0,2027-10-05,8880.215014493086,3.88,-0.031213620736274532,0.1899999999999999
0,2027-10-06,8982.466369429229,3.97,0.011514513417666327,0.0900000000000003
0,2027-10-07,9019.668356858489,3.72,0.004141622790358868,-0.25
0,2027-10-08,8971.932261584761,3.76,-0.005292444620475317,0.0399999999999995
0,2027-10-11,9194.274392966157,3.83,0.024781967239476392,0.0700000000000002
0,2027-10-12,9181.888549261663,3.67,-0.0013471257409906016,-0.1600000000000001
0,2027-10-13,9225.972601527123,3.62,0.004801196619730822,-0.0499999999999998
0,2027-10-14,9319.018890952582,3.76,0.010085255337747043,0.1399999999999996
0,2027-10-15,9343.307245125028,3.83,0.0026063209503766876,0.0700000000000002
0,2027-10-18,9365.326578987755,3.89,0.0023566958984695364,0.06
0,2027-10-19,9341.161783474256,3.91,-0.002580240561788474,-0.02
0,2027-10-20,9552.684313126727,3.97,0.022644135125320597,0.06
0,2027-10-21,9235.046913517192,4.0,-0.03325111447188266,0.0299999999999998
0,2027-10-22,9088.2811362746,4.02,-0.01589226114572019,0.0199999999999995
0,2027-10-25,9035.531521070036,4.01,-0.005804135503029426,-0.0099999999999997
0,2027-10-26,9064.023420665872,4.14,0.0031533174921027493,0.1299999999999999
0,2027-10-27,9145.47646987056,4.24,0.008986412040703287,0.1000000000000005
0,2027-10-28,9181.265496384476,4.21,0.0039133036569304926,-0.0300000000000002
0,2027-10-29,9059.16086829717,4.25,-0.013299324383484079,0.04
0,2027-11-01,9004.627012102435,4.1,-0.0060197469707793,-0.1500000000000003
0,2027-11-02,9027.319465570521,4.04,0.0025200881099891777,-0.0599999999999996
0,2027-11-03,9281.855236672385,3.96,0.028196162999730306,-0.08
0,2027-11-04,9285.25102850469,4.02,0.00036585270355082736,0.0599999999999996
0,2027-11-05,9259.150625553182,4.1,-0.002810952861843288,0.08
0,2027-11-08,9148.520955082307,4.07,-0.011948144591746972,-0.0299999999999993
0,2027-11-09,9354.728013557506,4.1,0.022539933994537478,0.0299999999999993
0,2027-11-10,9387.821382731801,4.14,0.00353760891031093,0.04
0,2027-11-11,9476.915139550436,4.17,0.009490354916905013,0.0300000000000002
0,2027-11-12,9417.473938098921,4.22,-0.006272209951890916,0.0499999999999998
0,2027-11-15,9350.426480566257,4.14,-0.007119473647962069,-0.08
0,2027-11-16,9301.78355889729,4.12,-0.005202214227347222,-0.0199999999999995
0,2027-11-17,9318.737485185458,3.82,0.0018226532772794431,-0.3000000000000002
0,2027-11-18,9373.459756156659,3.8,0.005872283778590725,-0.08
0,2027-11-19,9386.107761367402,3.67,0.0013493422428615316,-0.1299999999999999
0,2027-11-22,9337.72971963349,3.77,-0.005154217590920227,0.1
0,2027-11-23,9417.455393677688,3.82,0.008538014746407585,0.0499999999999998
0,2027-11-24,9432.212271320348,3.83,0.0015669708032348423,0.0100000000000002
0,2027-11-25,9478.659280225718,3.76,0.004924296397208702,-0.0700000000000002
0,2027-11-26,9642.876666054335,3.71,0.017324959255704507,-0.0499999999999998
0,2027-11-29,9520.352835887801,3.68,-0.012706149255009366,-0.0299999999999998
0,2027-11-30,9495.397658448559,3.69,-0.002621245017849689,0.0099999999999997
0,2027-12-01,9635.364375777272,3.75,0.01474047979488008,0.06
0,2027-12-02,9821.43439512175,3.68,0.01931115545689678,-0.0699999999999998
0,2027-12-03,9977.582136776071,3.53,0.015898669723016994,-0.1500000000000003
0,2027-12-06,9905.233136038942,3.51,-0.007251155615192528,-0.02
0,2027-12-07,9903.064061922334,3.6,-0.00021898264148031683,0.0900000000000003
0,2027-12-08,10053.644282008738,3.51,0.01520541714613265,-0.0900000000000003
0,2027-12-09,10030.666280889613,3.42,-0.0022855394993678904,-0.0899999999999998
0,2027-12-10,10021.400116641371,3.48,-0.0009237835243203433,0.06
0,2027-12-13,9947.684200491205,3.57,-0.007355850010195147,0.0899999999999998
0,2027-12-14,10066.02024203263,3.61,0.01189583818267785,0.04
0,2027-12-15,9900.295976006575,3.51,-0.01646373264123202,-0.1
0,2027-12-16,9882.18337312664,3.49,-0.0018295011506557547,-0.0199999999999995
0,2027-12-17,9908.664141769621,3.44,0.002679647568065889,-0.0500000000000002
0,2027-12-20,9807.229988956497,3.48,-0.010236915023240303,0.04
0,2027-12-21,9708.267643422012,3.57,-0.010090754030029004,0.0899999999999998
0,2027-12-22,9348.027613841741,3.69,-0.03710652021675119,0.1200000000000001
0,2027-12-23,9420.66695914073,3.68,0.007770553136945141,-0.0099999999999997
0,2027-12-24,9351.239610025134,3.67,-0.007369685120673136,-0.0100000000000002
0,2027-12-27,9400.634022601193,3.75,0.0052821245776982564,0.08
0,2027-12-28,9426.639970235941,3.84,0.002766403582165321,0.0899999999999998
0,2027-12-29,9408.155137070973,3.88,-0.0019609143049202516,0.04
0,2027-12-30,9414.836760122682,3.83,0.0007101948208083866,-0.0499999999999998
0,2027-12-31,9310.117211138122,3.88,-0.011122821526562117,0.0499999999999998
0,2028-01-03,9300.019551076188,3.79,-0.0010845900038567798,-0.0899999999999998
0,2028-01-04,9202.963087759577,3.69,-0.010436156911667892,-0.1
0,2028-01-05,9086.025961490981,3.71,-0.012706464771561277,0.02
0,2028-01-06,9252.549366349085,3.55,0.018327419001869037,-0.1600000000000001
0,2028-01-07,9231.890985193704,3.53,-0.002232723148769624,-0.02
0,2028-01-10,9250.903265976742,3.61,0.002059413484575284,0.08
0,2028-01-11,9268.155874833434,3.54,0.0018649647889135393,-0.0699999999999998
0,2028-01-12,9330.800800507883,3.43,0.006759157541205523,-0.1099999999999998
0,2028-01-13,9219.483149524523,3.49,-0.011930128331246896,0.06
0,2028-01-14,9304.22638125857,3.53,0.009191755151525672,0.0399999999999995
0,2028-01-17,9429.674876958148,3.37,0.013482958234149136,-0.1599999999999997
0,2028-01-18,9518.013467275703,3.39,0.009368148050725956,0.02
0,2028-01-19,9476.630412784196,3.48,-0.004347866772177629,0.0899999999999998
0,2028-01-20,9403.734867381525,3.52,-0.007692137629883106,0.04
0,2028-01-21,9398.86867627448,3.46,-0.0005174742988473704,-0.06
0,2028-01-24,9444.936886709862,3.46,0.0049014633592734305,0.0
0,2028-01-25,9485.889471373917,3.49,0.0043359299437648,0.0300000000000002
0,2028-01-26,9561.560328760026,3.52,0.007977202097332475,0.0299999999999998
0,2028-01-27,9622.51037323721,3.55,0.0063744872574670805,0.0299999999999998
0,2028-01-28,9516.747521690528,3.52,-0.01099119122187055,-0.0299999999999998
0,2028-01-31,9662.214815953117,3.39,0.015285400178059,-0.1299999999999999
0,2028-02-01,9873.299575950245,3.4,0.02184641554942557,0.0099999999999997
0,2028-02-02,9989.433615591175,3.53,0.011762434508096466,0.1299999999999999
0,2028-02-03,10163.833076953853,3.63,0.017458393345793105,0.1
0,2028-02-04,10011.2634741233,3.67,-0.01501102996038963,0.04
0,2028-02-07,10068.822044804165,3.63,0.005749381267373503,-0.04
0,2028-02-08,10079.381436638123,3.67,0.0010487216664443525,0.04
0,2028-02-09,9977.7509820148,3.74,-0.010083005119133528,0.0700000000000002
0,2028-02-10,9939.37295201825,3.72,-0.003846360774660389,-0.02
0,2028-02-11,9783.028379313144,3.77,-0.015729822541104964,0.0499999999999998
0,2028-02-14,9787.483929247948,3.81,0.00045543667687053313,0.04
0,2028-02-15,9841.720878586415,3.86,0.005541459861445231,0.0499999999999998
0,2028-02-16,9968.179951912976,3.82,0.012849284681676941,-0.04
0,2028-02-17,10091.010216112421,3.95,0.012322235833620996,0.1300000000000003
0,2028-02-18,10216.593136378753,3.93,0.012445029543802498,-0.02
0,2028-02-21,10192.623857362025,3.88,-0.0023461127106431,-0.0500000000000002
0,2028-02-22,10145.425166189176,3.95,-0.004630671339721628,0.0700000000000002
0,2028-02-23,10098.102715733827,3.92,-0.004664412745663682,-0.0300000000000002
0,2028-02-24,9981.92801199002,3.92,-0.011504607054827849,0.0
0,2028-02-25,10047.169595190395,4.01,0.006535970117397148,0.0899999999999998
0,2028-02-28,9770.859102275797,4.08,-0.027501326646946187,0.0700000000000002
0,2028-02-29,9790.318499367457,3.97,0.001991574833693581,-0.1099999999999998
0,2028-03-01,9940.464124837403,3.98,0.015336132882668461,0.0099999999999997
0,2028-03-02,10199.459569041768,3.97,0.026054663137633105,-0.0099999999999997
0,2028-03-03,10150.6525804858,3.98,-0.004785252417109655,0.0099999999999997
0,2028-03-06,10224.640171170573,3.93,0.0072889491683532336,-0.0499999999999998
0,2028-03-07,10178.824534578167,3.7,-0.004480904542889348,-0.2299999999999999
0,2028-03-08,10389.805455981077,3.55,0.0207274347530202,-0.1500000000000003
0,2028-03-09,10413.703904183509,3.64,0.0023001824532406464,0.0900000000000003
0,2028-03-10,10232.657256943821,3.51,-0.017385422987392124,-0.1300000000000003
0,2028-03-13,10172.312415470402,3.56,-0.005897279656510559,0.0500000000000002
0,2028-03-14,10072.67155328768,3.39,-0.009795301020364265,-0.1699999999999999
0,2028-03-15,10117.627187571385,3.47,0.004463129175400575,0.08
0,2028-03-16,10213.788942592328,3.59,0.009504378174664155,0.1199999999999996
0,2028-03-17,10221.736834593694,3.48,0.0007781531463042895,-0.1099999999999998
0,2028-03-20,10198.137699360044,3.38,-0.002308720681771247,-0.1
0,2028-03-21,10123.579010757087,3.38,-0.007311010186461565,0.0
0,2028-03-22,10195.806323784485,3.53,0.007134563078003623,0.1499999999999999
0,2028-03-23,10321.709698868213,3.55,0.012348545184702464,0.02
0,2028-03-24,10489.127488801825,3.57,0.016219966925825176,0.02
0,2028-03-27,10607.655740200216,3.55,0.011300105897743395,-0.02
0,2028-03-28,10615.875426846404,3.48,0.0007748824855842425,-0.0699999999999998
0,2028-03-29,10628.253890312395,3.43,0.0011660332255490225,-0.0499999999999998
0,2028-03-30,10728.4141937928,3.35,0.009423966016816696,-0.08
0,2028-03-31,11202.366562665135,3.3,0.044177299674592385,-0.0500000000000002
0,2028-04-03,11489.428124107208,3.3,0.025625081971409613,0.0
0,2028-04-04,11464.673767042997,3.41,-0.0021545334368967563,0.1100000000000003
0,2028-04-05,11530.462823513744,3.43,0.005738415048483006,0.02
0,2028-04-06,11602.066424568991,3.41,0.006209950298719036,-0.02
0,2028-04-07,11717.67227596559,3.45,0.00996424664073522,0.04
0,2028-04-10,11737.925230294257,3.52,0.0017284110573914005,0.0699999999999998
0,2028-04-11,11772.683494218776,3.6,0.002961193161702152,0.08
0,2028-04-12,11963.443172330073,3.58,0.016203585036918253,-0.02
0,2028-04-13,11918.53221313149,3.6,-0.003754016176752295,0.02
0,2028-04-14,11802.547290931157,3.54,-0.009731477007927484,-0.06
0,2028-04-17,11995.778659500325,3.57,0.016372005449844074,0.0299999999999998
0,2028-04-18,12157.918283070423,3.52,0.013516390071243035,-0.0499999999999998
0,2028-04-19,12234.247060001277,3.4,0.006278112350626643,-0.1200000000000001
0,2028-04-20,12424.290013557638,3.43,0.015533686104614516,0.0300000000000002
0,2028-04-21,12410.238816242516,3.53,-0.001130945695873899,0.0999999999999996
0,2028-04-24,12484.250939508704,3.44,0.005963795246979491,-0.0899999999999998
0,2028-04-25,12654.878906135284,3.59,0.013667457299067496,0.1499999999999999
0,2028-04-26,12626.355165133482,3.44,-0.002253971864398652,-0.1499999999999999
0,2028-04-27,12840.665066944617,3.38,0.01697321982538027,-0.06
0,2028-04-28,12864.450818637553,3.37,0.0018523769266566702,-0.0099999999999997
0,2028-05-01,12696.517171809788,3.44,-0.013054085961016669,0.0699999999999998
0,2028-05-02,12746.403069620555,3.52,0.003929100960185393,0.08
0,2028-05-03,12969.639412081247,3.53,0.01751367356275968,0.0099999999999997
0,2028-05-04,12949.560500554055,3.43,-0.0015481472452109192,-0.0999999999999996
0,2028-05-05,12845.471103895397,3.39,-0.008038064045046528,-0.04
0,2028-05-08,13626.526123335658,3.46,0.0608039217186362,0.0699999999999998
0,2028-05-09,13531.372929890442,3.5,-0.006982938467513309,0.04
0,2028-05-10,13509.041200867006,3.54,-0.0016503668281956912,0.04
0,2028-05-11,13413.607219436743,3.57,-0.007064452614456289,0.0299999999999998
0,2028-05-12,13452.711036805702,3.65,0.0029152350094385376,0.08
0,2028-05-15,13568.961715494306,3.7,0.008641431334587609,0.0500000000000002
0,2028-05-16,13663.995134449742,3.72,0.007003735506668741,0.02
0,2028-05-17,13629.78043844763,3.7,-0.002504003819194114,-0.02
0,2028-05-18,14034.153958633146,3.73,0.0296683810874045,0.0299999999999998
0,2028-05-19,14172.720953319727,3.83,0.009873555263467915,0.1
0,2028-05-22,14135.408069142011,3.8,-0.002632725522545202,-0.0300000000000002
0,2028-05-23,14201.893767113808,3.69,0.004703486283989017,-0.1099999999999998
0,2028-05-24,14012.983467100112,3.64,-0.013301768279040362,-0.0499999999999998
0,2028-05-25,14065.41730954873,3.61,0.0037418043467846206,-0.0300000000000002
0,2028-05-26,14295.317241299817,3.69,0.01634504875977014,0.08
0,2028-05-29,14099.71121762203,3.69,-0.013683223700182975,0.0
0,2028-05-30,14190.948459254781,3.7,0.006470858886721059,0.0100000000000002
0,2028-05-31,14060.54200858878,3.79,-0.009189410492218133,0.0899999999999998
0,2028-06-01,13948.829097432897,3.73,-0.007945135478251422,-0.06
0,2028-06-02,13453.340965133466,3.75,-0.03552184408013284,0.02
0,2028-06-05,12893.391674352284,3.73,-0.0416215787760366,-0.02
0,2028-06-06,12866.47550550407,3.84,-0.002087594135665423,0.1099999999999998
0,2028-06-07,12838.07040028853,3.83,-0.00220768346416145,-0.0099999999999997
0,2028-06-08,12728.250854784412,3.72,-0.008554209634311683,-0.1099999999999998
0,2028-06-09,12868.264449690432,3.77,0.011000222772431442,0.0499999999999998
0,2028-06-12,12558.124922005263,3.74,-0.024101115492122877,-0.0299999999999998
0,2028-06-13,12430.465759246958,3.72,-0.010165463677989983,-0.02
0,2028-06-14,12442.244896134041,3.8,0.0009476022150112621,0.0799999999999996
0,2028-06-15,12423.955891606873,3.74,-0.001469911955586971,-0.0599999999999996
0,2028-06-16,12409.167907224977,3.72,-0.0011902798521592677,-0.02
0,2028-06-19,12504.577674732767,3.77,0.007688651505169649,0.0499999999999998
0,2028-06-20,12584.03768662884,3.71,0.00635447385453358,-0.06
0,2028-06-21,12725.515582832104,3.85,0.011242647211204035,0.1400000000000001
0,2028-06-22,12824.48551389736,3.81,0.007777282611541106,-0.04
0,2028-06-23,12870.387105605241,3.86,0.003579215061542954,0.0499999999999998
0,2028-06-26,13032.678926833732,3.95,0.012609707843038566,0.0900000000000003
0,2028-06-27,13283.96117855077,4.05,0.019280936262433115,0.0999999999999996
0,2028-06-28,13207.200913452887,4.06,-0.005778416849171851,0.0099999999999997
0,2028-06-29,13174.909187029027,4.01,-0.0024450091003740656,-0.0499999999999998
0,2028-06-30,13040.238813604195,3.99,-0.010221730678600532,-0.0199999999999995
0,2028-07-03,13162.980042362064,3.86,0.009412498537206056,-0.1300000000000003
0,2028-07-04,13033.883220399586,3.76,-0.00980756800868868,-0.1
0,2028-07-05,13307.497033524975,3.83,0.020992501505395597,0.0700000000000002
0,2028-07-06,13139.627909253933,3.81,-0.0126146279685906,-0.02
0,2028-07-07,12961.99112520654,3.8,-0.01351916395762535,-0.0100000000000002
0,2028-07-10,13129.632974162812,3.75,0.012933340822172588,-0.0499999999999998
0,2028-07-11,13024.001703425178,3.85,-0.008045256934866421,0.1
0,2028-07-12,13171.436818088692,3.84,0.011320262237430427,-0.0100000000000002
0,2028-07-13,13056.595412331524,3.86,-0.008718973286153158,0.02
0,2028-07-14,13145.083388567586,3.91,0.00677726263559398,0.0500000000000002
0,2028-07-17,13026.349531347838,3.86,-0.009032567820985578,-0.0500000000000002
0,2028-07-18,12986.618713524329,4.01,-0.0030500346799306223,0.1499999999999999
0,2028-07-19,13195.906433551361,3.96,0.01611564369785334,-0.0499999999999998
0,2028-07-20,13179.15394081818,3.97,-0.001269521939818195,0.0100000000000002
0,2028-07-21,13140.175186748242,4.05,-0.0029576067056333935,0.0799999999999996
0,2028-07-24,13121.086763498557,4.08,-0.0014526764657547277,0.0300000000000002
0,2028-07-25,13272.195306444923,4.2,0.011516465493295321,0.1200000000000001
0,2028-07-26,13321.779155530377,4.05,0.003735919185982557,-0.1500000000000003
0,2028-07-27,13200.216011759323,4.09,-0.009125143297439322,0.04
0,2028-07-28,13087.61967544317,4.02,-0.008529885890946654,-0.0700000000000002
0,2028-07-31,13113.185961218784,4.0,0.001953471021440542,-0.0199999999999995
0,2028-08-01,13434.13315081317,4.09,0.024475149711409662,0.0899999999999998
0,2028-08-02,13244.722050281141,4.16,-0.014099242459909928,0.0700000000000002
0,2028-08-03,13165.262625313153,4.19,-0.0059993274805116,0.0300000000000002
0,2028-08-04,12960.41978844438,4.21,-0.015559342999729928,0.0199999999999995
0,2028-08-07,12772.771351919931,4.28,-0.01447857705132025,0.0700000000000002
0,2028-08-08,12574.23539624905,4.3,-0.015543686659750474,0.0199999999999995
0,2028-08-09,12466.180213288235,4.26,-0.008593379999315809,-0.04
0,2028-08-10,12328.291994709332,4.34,-0.011060983895605982,0.08
0,2028-08-11,12413.10077711498,4.34,0.006879199684923256,0.0
0,2028-08-14,12412.599226438233,4.19,-4.040494681816062e-05,-0.1499999999999994
0,2028-08-15,12342.957700217943,4.23,-0.005610551420363071,0.04
0,2028-08-16,12314.454250893508,4.25,-0.0023092884231411693,0.0199999999999995
0,2028-08-17,12491.510216766554,4.2,0.014377897896709336,-0.0499999999999998
0,2028-08-18,12645.034776756362,4.12,0.012290312166077608,-0.08
0,2028-08-21,12717.367469533176,4.12,0.005720244669455032,0.0
0,2028-08-22,12687.356613294909,4.09,-0.0023598324346735403,-0.0300000000000002
0,2028-08-23,12502.364448013375,4.18,-0.014580828057412875,0.0899999999999998
0,2028-08-24,12820.712400600378,4.27,0.025463019728047348,0.0899999999999998
0,2028-08-25,12921.517480265537,4.3,0.007862673813698363,0.0300000000000002
0,2028-08-28,13043.495794525863,4.27,0.00943993725555989,-0.0300000000000002
0,2028-08-29,13054.839108473006,4.26,0.0008696529002528242,-0.0099999999999997
0,2028-08-30,13081.284356358676,4.29,0.0020257046192552813,0.0300000000000002
0,2028-08-31,13289.5112309896,4.27,0.015917922809292474,-0.0200000000000004
0,2028-09-01,13373.532653137203,4.25,0.006322386180138428,-0.0199999999999995
0,2028-09-04,13588.258602658481,4.29,0.01605603807838366,0.04
0,2028-09-05,13599.89997399472,4.33,0.0008567228278950694,0.04
0,2028-09-06,13672.056096212127,4.32,0.005305636244044618,-0.0099999999999997
0,2028-09-07,13933.690163138293,4.37,0.019136409702023655,0.0499999999999998
0,2028-09-08,13626.905266691083,4.35,-0.02201749090551857,-0.0200000000000004
0,2028-09-11,13292.293173579817,4.49,-0.024555252022568502,0.1400000000000005
0,2028-09-12,13207.130779433755,4.44,-0.006406900076153415,-0.0499999999999998
0,2028-09-13,12846.488999773517,4.55,-0.027306595632552652,0.1099999999999994
0,2028-09-14,12487.63716653992,4.56,-0.027933845056024482,0.0099999999999997
0,2028-09-15,12672.480820379,4.61,0.014802132010558477,0.0500000000000007
0,2028-09-18,12514.469892246181,4.59,-0.01246882361650269,-0.0200000000000004
0,2028-09-19,12412.37278697953,4.59,-0.008158324415316168,0.0
0,2028-09-20,12360.706721921695,4.69,-0.004162464819944117,0.1000000000000005
0,2028-09-21,12451.983543219872,4.81,0.007384433863825823,0.1199999999999992
0,2028-09-22,12428.016340423694,4.73,-0.0019247698740517925,-0.0799999999999991
0,2028-09-25,12328.45775633468,4.72,-0.00801081857007111,-0.0100000000000006
0,2028-09-26,12403.917422540611,4.78,0.0061207709591380895,0.0600000000000005
0,2028-09-27,12572.70902197984,4.58,0.013607926729058731,-0.08
0,2028-09-28,12670.802939649031,4.7,0.00780213059076618,0.1200000000000001
0,2028-09-29,12689.279471606125,4.63,0.0014581974043079622,-0.0700000000000002
0,2028-10-02,12522.321699381595,4.71,-0.013157387903554281,0.08
0,2028-10-03,12486.554629946191,4.83,-0.0028562650197023727,0.1200000000000001
0,2028-10-04,12614.28402464027,4.91,0.010229354572137118,0.08
0,2028-10-05,12539.007736974363,4.98,-0.005967543422905772,0.0700000000000002
0,2028-10-06,12428.337187265637,4.93,-0.008826101078348088,-0.0500000000000007
0,2028-10-09,12284.262040560012,4.86,-0.01159247166654346,-0.0699999999999994
0,2028-10-10,12272.388790114695,4.83,-0.0009665416128469626,-0.0300000000000002
0,2028-10-11,11893.413038417166,4.95,-0.030880357376128015,0.1200000000000001
0,2028-10-12,11917.71074835291,4.86,0.002042955193539549,-0.0899999999999998
0,2028-10-13,11948.093538544605,4.84,0.002549381406650935,-0.0200000000000004
0,2028-10-16,12001.74137377723,4.88,0.004490074927816581,0.04
0,2028-10-17,12049.168332535242,4.88,0.003951673118172433,0.0
0,2028-10-18,12110.89438317609,4.77,0.005122847398037913,-0.1100000000000003
0,2028-10-19,12180.189599268544,4.67,0.00572172573717733,-0.0999999999999996
0,2028-10-20,12207.682845240884,4.57,0.002257210016992928,-0.0999999999999996
0,2028-10-23,12247.661896613163,4.67,0.0032749090780864365,0.0999999999999996
0,2028-10-24,12269.88092663682,4.58,0.0018141446270493813,-0.0899999999999998
0,2028-10-25,12329.42584989881,4.49,0.004852934076379083,-0.0899999999999998
0,2028-10-26,12566.556385446978,4.62,0.019232893602268958,0.1299999999999999
0,2028-10-27,12568.676351665803,4.61,0.00016869905754604006,-0.0099999999999997
0,2028-10-30,12594.327301681167,4.63,0.002040863277696222,0.0199999999999995
0,2028-10-31,12485.565922023465,4.44,-0.008635743462311343,-0.1899999999999995
0,2028-11-01,12402.812273896994,4.53,-0.006627945312474785,0.0899999999999998
0,2028-11-02,12366.210391507211,4.45,-0.0029510954113862856,-0.08
0,2028-11-03,12358.24231698703,4.44,-0.0006443424677339178,-0.0099999999999997
0,2028-11-06,12459.157442473761,4.42,0.008165815404672642,-0.0200000000000004
0,2028-11-07,12333.634098593582,4.41,-0.010074785912269204,-0.0099999999999997
0,2028-11-08,12236.091665316693,4.42,-0.00790865307800985,0.0099999999999997
0,2028-11-09,12135.745636212223,4.47,-0.008200823583963651,0.0499999999999998
0,2028-11-10,12045.130469122403,4.39,-0.0074667984816218815,-0.08
0,2028-11-13,12043.884686825615,4.34,-0.00010342621858543653,-0.0499999999999998
0,2028-11-14,12104.275623238973,4.27,0.005014240669326415,-0.0700000000000002
0,2028-11-15,12339.935728044427,4.37,0.01946916214903535,0.1000000000000005
0,2028-11-16,12156.89052509864,4.22,-0.014833562101120839,-0.1500000000000003
0,2028-11-17,12048.542846495126,4.28,-0.008912449970642194,0.0600000000000005
0,2028-11-20,12030.576775037815,4.18,-0.0014911406039889814,-0.1000000000000005
0,2028-11-21,12114.276384321147,4.12,0.006957239943557876,-0.0599999999999996
0,2028-11-22,11919.071925351389,4.14,-0.0161135880325795,0.0199999999999995
0,2028-11-23,11975.975533473445,4.23,0.004774164337495411,0.0900000000000007
0,2028-11-24,11862.22024307476,4.23,-0.00949862414804814,0.0
0,2028-11-27,11918.91178406592,4.2,0.004779167797382219,-0.0300000000000002
0,2028-11-28,11907.572992549984,4.04,-0.0009513277488215023,-0.1600000000000001
0,2028-11-29,11988.042378275044,3.92,0.006757832664591429,-0.1200000000000001
0,2028-11-30,12181.564979818302,3.91,0.016142969422093756,-0.0099999999999997
0,2028-12-01,12079.298549127077,3.95,-0.008395180000324597,0.04
0,2028-12-04,12207.251190627823,3.93,0.010592721173365773,-0.02
0,2028-12-05,12081.504111452488,3.86,-0.01030101512713024,-0.0700000000000002
0,2028-12-06,12364.583228160207,3.89,0.023430784287808728,0.0300000000000002
0,2028-12-07,12253.954233963203,3.9,-0.008947248132476314,0.0099999999999997
0,2028-12-08,12539.156879581582,3.89,0.02327433579178118,-0.0099999999999997
0,2028-12-11,12652.236910858905,3.79,0.009018152684687992,-0.1
0,2028-12-12,12570.686206534585,3.84,-0.006445556220523213,0.0499999999999998
0,2028-12-13,12251.810757304276,3.88,-0.02536659049404543,0.04
0,2028-12-14,12508.597237051177,3.95,0.02095906350771941,0.0700000000000002
0,2028-12-15,12697.383652249338,3.91,0.015092532889216876,-0.04
0,2028-12-18,12683.229441928741,3.99,-0.001114734397908051,0.08
0,2028-12-19,12813.91502483223,4.05,0.01030380972778604,0.0599999999999996
0,2028-12-20,12623.33157146745,4.01,-0.01487316350978169,-0.04
0,2028-12-21,12461.371976328091,4.02,-0.012830178326729204,0.0099999999999997
0,2028-12-22,12271.098087027456,4.04,-0.015269096345256673,0.0200000000000004
0,2028-12-25,11810.797421115934,3.98,-0.03751095970768372,-0.06
0,2028-12-26,11849.797900673886,3.96,0.003302103843405549,-0.02
0,2028-12-27,11963.495135503912,4.07,0.009594866999677766,0.1100000000000003
0,2028-12-28,11909.92656784835,4.1,-0.004477668695378812,0.0299999999999993
0,2028-12-29,11789.98063123474,4.14,-0.010071089517664474,0.04
0,2029-01-01,11658.691038775913,4.15,-0.011135691954489336,0.0100000000000006
0,2029-01-02,11138.286375809032,4.11,-0.04463662869494135,-0.04
0,2029-01-03,11154.217088498483,4.14,0.001430266034822982,0.0299999999999993
0,2029-01-04,11443.161072907908,4.18,0.02590446125594644,0.04
0,2029-01-05,11389.411770986368,4.14,-0.0046970676702955,-0.04
0,2029-01-08,11474.690232822151,4.15,0.0074875211776102,0.0100000000000006
0,2029-01-09,11634.370345181196,4.08,0.013915853859156538,-0.0700000000000002
0,2029-01-10,11507.968914828152,4.06,-0.010864483990351772,-0.0200000000000004
0,2029-01-11,11345.154407710426,3.99,-0.014147979397818682,-0.0699999999999994
0,2029-01-12,11842.003486648324,3.87,0.04379394595107755,-0.1200000000000001
0,2029-01-15,12171.775073069512,4.03,0.027847617744159475,0.1600000000000001
0,2029-01-16,11729.445704312637,4.17,-0.03634058024417032,0.1399999999999996
0,2029-01-17,11749.07423484266,4.09,0.0016734405891664123,-0.08
0,2029-01-18,11727.488726729764,4.09,-0.001837209271253272,0.0
0,2029-01-19,11811.65271531936,4.15,0.007176642037418269,0.0600000000000005
0,2029-01-22,11779.98959097796,4.17,-0.0026806684131793134,0.0199999999999995
0,2029-01-23,11457.183711683276,4.17,-0.027402900214947155,0.0
0,2029-01-24,11327.148463817613,4.31,-0.011349669442156225,0.1399999999999996
0,2029-01-25,11742.866872937973,4.27,0.036701064742666045,-0.04
0,2029-01-26,11935.332539637287,4.24,0.016390006697841533,-0.0299999999999993
0,2029-01-29,11675.20918984045,4.3,-0.021794394830053247,0.0599999999999996
0,2029-01-30,11659.057933542541,4.27,-0.0013833804632780353,-0.0300000000000002
0,2029-01-31,11594.709273876975,4.32,-0.005519198895172977,0.0500000000000007
0,2029-02-01,11632.586400131726,4.33,0.003266759464171095,0.0099999999999997
0,2029-02-02,11511.07314080176,4.26,-0.01044593653983857,-0.0700000000000002
0,2029-02-05,11564.925366068173,4.28,0.004678297549472601,0.0200000000000004
0,2029-02-06,11679.273688568768,4.31,0.009887510630729748,0.0299999999999993
0,2029-02-07,11691.140852707813,4.27,0.0010160875115599968,-0.04
0,2029-02-08,11687.265010598312,4.25,-0.0003315195803669374,-0.0199999999999995
0,2029-02-09,11601.383420374928,4.19,-0.0073483051976236564,-0.0599999999999996
0,2029-02-12,11594.951305788109,4.22,-0.0005544265156793994,0.0299999999999993
0,2029-02-13,11880.30398149799,4.13,0.024610079696275565,-0.0899999999999998
0,2029-02-14,12010.44900405583,4.11,0.010954687923854955,-0.0199999999999995
0,2029-02-15,11890.339469512614,4.09,-0.010000420009498199,-0.0200000000000004
0,2029-02-16,12052.10866222677,4.09,0.013605094549986502,0.0
0,2029-02-19,12152.176473341302,4.1,0.008302929712885857,0.0099999999999997
0,2029-02-20,12096.933826206408,4.16,-0.004545905604323743,0.0600000000000005
0,2029-02-21,12348.144707618701,4.19,0.020766492155894788,0.0300000000000002
0,2029-02-22,12203.712059072279,4.29,-0.011696708450242597,0.0999999999999996
0,2029-02-23,12272.684780890393,4.31,0.005651782136799786,0.0199999999999995
0,2029-02-26,12360.006945648203,4.34,0.007115163985453276,0.0300000000000002
0,2029-02-27,12459.692026594803,4.3,0.008065131466750303,-0.04
0,2029-02-28,12523.838465172874,4.27,0.005148316542748558,-0.0300000000000002
0,2029-03-01,12737.898247127792,4.27,0.01709218643710482,0.0
0,2029-03-02,12751.565786983741,4.22,0.0010729823390629237,-0.0499999999999998
0,2029-03-05,12696.853092464793,4.25,-0.004290664804066395,0.0300000000000002
0,2029-03-06,12699.70743971621,4.24,0.0002248074566690886,-0.0099999999999997
0,2029-03-07,12784.302295580945,4.2,0.006661165721044679,-0.04
0,2029-03-08,12541.658229563722,4.2,-0.018979844218882057,0.0
0,2029-03-09,12607.798691133685,4.33,0.005273661613107555,0.1299999999999999
0,2029-03-12,12663.017174116318,4.36,0.004379708491178942,0.0300000000000002
0,2029-03-13,12902.871674418724,4.36,0.01894133894034973,0.0
0,2029-03-14,13040.177410638626,4.31,0.010641486615117313,-0.0500000000000007
0,2029-03-15,13037.269935442939,4.39,-0.00022296285580547672,0.08
0,2029-03-16,13078.872141096155,4.42,0.0031910212689633794,0.0300000000000002
0,2029-03-19,13209.43591676419,4.36,0.00998280083018641,-0.0599999999999996
0,2029-03-20,13107.765204827803,4.55,-0.007696824646944803,0.1899999999999995
0,2029-03-21,13268.161185905154,4.56,0.0122367145406506,0.0099999999999997
0,2029-03-22,13138.449324737972,4.5,-0.009776174659754246,-0.0599999999999996
0,2029-03-23,13040.12088848395,4.63,-0.007484021426248699,0.1299999999999999
0,2029-03-26,12824.510330898043,4.67,-0.016534398678490696,0.04
0,2029-03-27,12817.92181370128,4.59,-0.0005137441529358263,-0.08
0,2029-03-28,12820.20632544305,4.64,0.00017822793546204126,0.0499999999999998
0,2029-03-29,12832.19351627381,4.62,0.0009350232380401931,-0.0199999999999995
0,2029-03-30,12431.761132982458,4.62,-0.031205294931339975,0.0
0,2029-04-02,12282.389893899228,4.61,-0.012015291919254724,-0.0099999999999997
0,2029-04-03,12260.047494159555,4.65,-0.0018190596400763338,0.04
0,2029-04-04,12119.58490801857,4.7,-0.011456936541876931,0.0499999999999998
0,2029-04-05,11970.542671417865,4.67,-0.012297635416712693,-0.0300000000000002
0,2029-04-06,12016.455702211737,4.63,0.0038355012010858236,-0.04
0,2029-04-09,12033.242755067226,4.69,0.0013970053459606258,0.0600000000000005
0,2029-04-10,12072.376407055302,4.63,0.0032521285230114917,-0.0600000000000005
0,2029-04-11,12209.692732325493,4.58,0.011374423778730115,-0.0499999999999998
0,2029-04-12,12068.15208743415,4.5,-0.011592482136475898,-0.08
0,2029-04-13,12647.919637468849,4.49,0.048041120615174904,-0.0099999999999997
0,2029-04-16,12614.59946575866,4.47,-0.002634438916853974,-0.0200000000000004
0,2029-04-17,12576.126079845415,4.48,-0.0030499094337222057,0.0100000000000006
0,2029-04-18,12464.94426636898,4.45,-0.008840704424442373,-0.0300000000000002
0,2029-04-19,12399.139004530665,4.5,-0.005279226319195106,0.0499999999999998
0,2029-04-20,12389.232611522539,4.48,-0.0007989581376986661,-0.0199999999999995
0,2029-04-23,12399.138246708664,4.45,0.0007995358144225296,-0.0300000000000002
0,2029-04-24,12518.761207622752,4.36,0.009647683454601557,-0.0899999999999998
0,2029-04-25,12202.026407991045,4.38,-0.025300810070476125,0.0199999999999995
0,2029-04-26,12260.701574655299,4.42,0.004808641179945863,0.04
0,2029-04-27,12238.73526234219,4.44,-0.0017916032112318782,0.0200000000000004
0,2029-04-30,12421.704101247116,4.41,0.014949979306106113,-0.0300000000000002
0,2029-05-01,12239.682847368396,4.43,-0.014653484932107299,0.0199999999999995
0,2029-05-02,12291.99386376662,4.47,0.004273886590898788,0.04
0,2029-05-03,12304.52892640684,4.46,0.0010197745605104863,-0.0099999999999997
0,2029-05-04,12532.445115931072,4.54,0.018522951255378742,0.08
0,2029-05-07,12645.351754793224,4.61,0.009009146883765378,0.0700000000000002
0,2029-05-08,12451.741468179393,4.55,-0.015310786949081353,-0.0600000000000005
0,2029-05-09,12603.874106694433,4.51,0.01221778005139419,-0.04
0,2029-05-10,12426.999284575466,4.41,-0.014033369472091243,-0.0999999999999996
0,2029-05-11,12484.763711266218,4.33,0.004648300476081089,-0.08
0,2029-05-14,12345.299462073155,4.29,-0.011170756004553889,-0.04
0,2029-05-15,12995.86968106938,4.28,0.05269780785754813,-0.0099999999999997
0,2029-05-16,13128.6080996369,4.43,0.010213892707840542,0.1499999999999994
0,2029-05-17,13443.374409549662,4.47,0.02397560407957255,0.04
0,2029-05-18,13251.970754307978,4.39,-0.014237768688917738,-0.08
0,2029-05-21,13411.34436583071,4.31,0.012026408334090393,-0.08
0,2029-05-22,13221.203600256056,4.24,-0.014177606687894188,-0.0699999999999994
0,2029-05-23,13184.721221253238,4.2,-0.002759384100409071,-0.04
0,2029-05-24,13182.958905238163,4.28,-0.00013366350228430815,0.08
0,2029-05-25,13256.358018583276,4.22,0.00556772678066598,-0.0600000000000005
0,2029-05-28,12859.93668395676,4.25,-0.029904241728444466,0.0300000000000002
0,2029-05-29,12748.786437322475,4.25,-0.008643141048505151,0.0
0,2029-05-30,12790.642503131849,4.25,0.0032831411848613895,0.0
0,2029-05-31,13124.627468924084,4.23,0.026111664500861193,-0.0199999999999995
0,2029-06-01,12706.540773823224,4.32,-0.031855128542946164,0.0899999999999998
0,2029-06-04,12702.67078760677,4.29,-0.0003045664658335948,-0.0300000000000002
0,2029-06-05,12677.190833016108,4.36,-0.0020058738053357014,0.0700000000000002
0,2029-06-06,12739.482911974494,4.48,0.004913713122954225,0.1200000000000001
0,2029-06-07,13230.644125289695,4.43,0.038554250334095846,-0.0500000000000007
0,2029-06-08,13000.70338516341,4.36,-0.01737940631981521,-0.0699999999999994
0,2029-06-11,12945.888222972955,4.28,-0.0042163228070422245,-0.08
0,2029-06-12,13089.791767547651,4.28,0.011115772212472492,0.0
0,2029-06-13,12869.205905711558,4.3,-0.016851747205251268,0.0199999999999995
0,2029-06-14,12795.745723628146,4.28,-0.005708214059331317,-0.0199999999999995
0,2029-06-15,12719.775028414493,4.2,-0.005937183877714068,-0.08
0,2029-06-18,12658.316753038922,4.18,-0.00483171087839853,-0.0200000000000004
0,2029-06-19,12876.920232844572,4.23,0.01726955361210783,0.0500000000000007
0,2029-06-20,13021.841450535641,4.17,0.011254338387639218,-0.0600000000000005
0,2029-06-21,12704.782702660526,4.16,-0.024348226714284976,-0.0099999999999997
0,2029-06-22,12629.13295158145,4.2,-0.005954430929639926,0.04
0,2029-06-25,12251.733036461996,4.25,-0.029883279918452126,0.0499999999999998
0,2029-06-26,12067.462182598185,4.26,-0.015040390883102727,0.0099999999999997
0,2029-06-27,12118.222510468595,4.25,0.004206379692957323,-0.0099999999999997
0,2029-06-28,11793.325275183206,4.28,-0.026810634563337862,0.0300000000000002
0,2029-06-29,11842.22111342689,4.27,0.004146060343690603,-0.0100000000000006
0,2029-07-02,11881.205729750842,4.2,0.0032920020619909545,-0.0699999999999994
0,2029-07-03,11739.186762707337,4.17,-0.011953245341748957,-0.0300000000000002
0,2029-07-04,11834.84510616707,4.15,0.008148634602493793,-0.0199999999999995
0,2029-07-05,11725.72677119283,4.09,-0.009220089827570135,-0.0600000000000005
0,2029-07-06,11787.447249078412,3.99,0.005263680374781898,-0.0999999999999996
0,2029-07-09,11829.057004197393,3.8,0.003530005627150162,-0.1900000000000004
0,2029-07-10,11786.732963808297,3.78,-0.0035779724769334593,-0.02
0,2029-07-11,11985.221158570785,3.9,0.016839967052104565,0.1200000000000001
0,2029-07-12,11875.032671332316,3.96,-0.009193696618578643,0.06
0,2029-07-13,11771.322132574525,3.99,-0.008733495025083905,0.0300000000000002
0,2029-07-16,11788.08659392337,3.94,0.001424178283461711,-0.0500000000000002
0,2029-07-17,11903.444313971435,3.9,0.009785957977907107,-0.04
0,2029-07-18,11905.023565926072,3.85,0.00013267184799485083,-0.0499999999999998
0,2029-07-19,12151.112973061656,3.83,0.0206710558591357,-0.02
0,2029-07-20,12047.14149148367,3.92,-0.008556539784337947,0.0899999999999998
0,2029-07-23,11960.29260169838,3.89,-0.007209086889755896,-0.0299999999999998
0,2029-07-24,11908.450827795721,3.86,-0.004334490436738734,-0.0300000000000002
0,2029-07-25,11988.510017204886,3.82,0.006722888691978137,-0.04
0,2029-07-26,12039.236111812195,3.79,0.0042312259433833444,-0.0299999999999998
0,2029-07-27,12121.033149436755,3.86,0.006794204953278047,0.0699999999999998
0,2029-07-30,12148.934667085616,3.81,0.002301909194114905,-0.0499999999999998
0,2029-07-31,12135.706467378903,3.82,-0.001088836187633105,0.0099999999999997
0,2029-08-01,12067.644310353086,3.83,-0.005608421496413994,0.0100000000000002
0,2029-08-02,12055.656066021265,3.84,-0.000993420424360365,0.0099999999999997
0,2029-08-03,12109.003132569356,3.87,0.00442506540133044,0.0300000000000002
0,2029-08-06,12086.183593186433,3.91,-0.0018845101560463144,0.04
0,2029-08-07,11921.172841842692,3.84,-0.013652841699075822,-0.0700000000000002
0,2029-08-08,11912.6866266591,3.77,-0.0007118607620388772,-0.0699999999999998
0,2029-08-09,11865.162801630264,3.73,-0.003989345688191277,-0.04
0,2029-08-10,11842.831180520328,3.72,-0.001882116704447293,-0.0099999999999997
0,2029-08-13,11852.043584092913,3.7,0.00077788861735503,-0.02
0,2029-08-14,11797.237939142344,3.65,-0.00462415148591981,-0.0500000000000002
0,2029-08-15,11990.483904605884,3.65,0.016380610992202303,0.0
0,2029-08-16,12191.134486234929,3.68,0.016734152118078292,0.0300000000000002
0,2029-08-17,12165.527243315295,3.66,-0.002100480718061763,-0.02
0,2029-08-20,12061.334814447791,3.63,-0.00856456335871145,-0.0300000000000002
0,2029-08-21,11885.053103714305,3.65,-0.014615439621353251,0.02
0,2029-08-22,11976.382932977815,3.7,0.0076844275298161464,0.0500000000000002
0,2029-08-23,12157.668148363196,3.73,0.015136892031583245,0.0299999999999998
0,2029-08-24,11991.358037499998,3.73,-0.013679441553566984,0.0
0,2029-08-27,11998.082096043492,3.75,0.0005607420379299291,0.02
0,2029-08-28,12021.084388051031,3.74,0.0019171640786760317,-0.0099999999999997
0,2029-08-29,11957.692239883469,3.79,-0.005273413455992002,0.0499999999999998
0,2029-08-30,11711.929812157712,3.79,-0.02055266374108919,0.0
0,2029-08-31,11430.317694901267,3.75,-0.024044894545398873,-0.04
0,2029-09-03,11485.967257324588,3.81,0.004868592799318599,0.06
0,2029-09-04,11386.247021188618,3.74,-0.00868191889301949,-0.0699999999999998
0,2029-09-05,11551.738624888083,3.79,0.014534341595742815,0.0499999999999998
0,2029-09-06,11352.3609403596,3.85,-0.01725953910512875,0.06
0,2029-09-07,11269.729570127323,3.98,-0.007278782859916725,0.1299999999999999
0,2029-09-10,11038.054961950822,4.03,-0.02055724644809582,0.0500000000000002
0,2029-09-11,11146.887484269695,4.04,0.009859755427385276,0.0099999999999997
0,2029-09-12,11241.616549771983,4.06,0.008498252596158992,0.0199999999999995
0,2029-09-13,11175.722916419249,4.09,-0.005861579876967985,0.0300000000000002
0,2029-09-14,11113.470337923955,4.08,-0.005570340188358891,-0.0099999999999997
0,2029-09-17,11058.79886249742,4.02,-0.004919388252647971,-0.0100000000000006
0,2029-09-18,11134.621608227431,4.09,0.006856327407051508,0.0700000000000002
0,2029-09-19,11233.638199918383,4.08,0.008892676839398685,-0.0099999999999997
0,2029-09-20,11318.922441712402,4.19,0.007591862963384259,0.1100000000000003
0,2029-09-21,11446.182174752921,4.2,0.01124309612472852,0.0099999999999997
0,2029-09-24,11313.600626825073,4.24,-0.011583036675782343,0.04
0,2029-09-25,11309.46851526826,4.21,-0.00036523399518058086,-0.0300000000000002
0,2029-09-26,11294.20788438967,4.25,-0.0013493676434031478,0.04
0,2029-09-27,11227.519366237504,4.28,-0.005904665367842249,0.0300000000000002
0,2029-09-28,11263.827957429558,4.28,0.0032338925463124115,0.0
0,2029-10-01,11214.808881135483,4.29,-0.004351902077991268,0.0099999999999997
0,2029-10-02,11188.508789676114,4.28,-0.0023451216813517987,-0.0099999999999997
0,2029-10-03,11151.849986918936,4.37,-0.003276469049298572,0.0899999999999998
0,2029-10-04,11156.31479154418,4.31,0.0004003644803759964,-0.0600000000000005
0,2029-10-05,11240.103011148049,4.26,0.007510385030312705,-0.0499999999999998
0,2029-10-08,11218.801901100154,4.42,-0.0018950991843017777,0.1600000000000001
0,2029-10-09,11326.337915434402,4.31,0.009585338548825137,-0.1100000000000003
0,2029-10-10,11293.30463680513,4.3,-0.002916501244789595,-0.0099999999999997
0,2029-10-11,11280.67444844179,4.44,-0.0011183784347919168,0.0100000000000006
0,2029-10-12,11278.534408162395,4.43,-0.0001897085399615113,-0.0100000000000006
0,2029-10-15,11262.816852767228,4.43,-0.001393581366723743,0.0
0,2029-10-16,11282.43909316123,4.42,0.0017422142835591624,-0.0099999999999997
0,2029-10-17,11291.31926206402,4.39,0.0007870788248414199,-0.0300000000000002
0,2029-10-18,11322.314988562379,4.41,0.0027450934455901226,0.0200000000000004
0,2029-10-19,11310.943435779467,4.43,-0.0010043487391403966,0.0199999999999995
0,2029-10-22,11269.257056075943,4.41,-0.0036854909530940356,-0.0199999999999995
0,2029-10-23,11271.094989575931,4.27,0.00016309269465066166,-0.1400000000000005
0,2029-10-24,11310.686705692606,4.3,0.003512676998400762,0.0300000000000002
0,2029-10-25,11418.203676505913,4.25,0.009505786307315465,-0.0499999999999998
0,2029-10-26,11361.124486755727,4.18,-0.004998964054882935,-0.0700000000000002
0,2029-10-29,11322.980611524232,4.19,-0.0033574031581082415,0.0100000000000006
0,2029-10-30,11411.46055640176,4.23,0.007814192032394376,0.04
0,2029-10-31,11422.269177655488,4.19,0.0009471724675648866,-0.04
0,2029-11-01,11497.898734319262,4.17,0.00662123746932195,-0.0200000000000004
0,2029-11-02,11458.75125576969,4.15,-0.003404750681333057,-0.0199999999999995
0,2029-11-05,11707.003787254298,4.2,0.021664885286658803,0.0499999999999998
0,2029-11-06,11606.212047859612,4.22,-0.008609524796124335,0.0199999999999995
0,2029-11-07,11490.6855301217,4.26,-0.009953852063147231,0.04
0,2029-11-08,11117.601184747473,4.32,-0.03246841490842498,0.0600000000000005
0,2029-11-09,11073.12459526861,4.4,-0.0040005563016492374,0.08
0,2029-11-12,11043.80102452589,4.39,-0.002648174911284644,-0.0100000000000006
0,2029-11-13,11048.788988824539,4.4,0.00045165285824790534,0.0100000000000006
0,2029-11-14,10755.349202828958,4.5,-0.026558547393056884,0.0999999999999996
0,2029-11-15,10716.870767370752,4.57,-0.0035776091257069863,0.0700000000000002
0,2029-11-16,10725.580783373145,4.52,0.0008127387360973605,-0.0500000000000007
0,2029-11-19,10528.247123278756,4.59,-0.018398412550329937,0.0700000000000002
0,2029-11-20,10744.072618246464,4.59,0.020499660811580164,0.0
0,2029-11-21,10354.37496017574,4.58,-0.036270944167754955,-0.0099999999999997
0,2029-11-22,10263.052472384123,4.62,-0.008819700671731052,0.04
0,2029-11-23,10300.376328659637,4.55,0.0036367207880838664,-0.0700000000000002
0,2029-11-26,10263.668271487768,4.58,-0.0035637588376002125,0.0300000000000002
0,2029-11-27,10178.034866694743,4.57,-0.008343352739771756,-0.0099999999999997
0,2029-11-28,10062.285093144084,4.6,-0.011372507076923232,0.0299999999999993
0,2029-11-29,10029.340834520199,4.62,-0.0032740335141500623,0.0200000000000004
0,2029-11-30,10109.03910083595,4.67,0.007946510905426252,0.0499999999999998
0,2029-12-03,10135.457462818224,4.67,0.002613340567659816,0.0
0,2029-12-04,10023.849318294859,4.77,-0.01101165338938061,0.0999999999999996
0,2029-12-05,10098.87925197054,4.79,0.007485141814606138,0.0200000000000004
0,2029-12-06,10093.355939599192,4.78,-0.0005469233004513185,-0.0099999999999997
0,2029-12-07,10109.750633630363,4.66,0.001624305546072081,-0.1200000000000001
0,2029-12-10,10357.800557895916,4.61,0.024535711438856786,-0.0499999999999998
0,2029-12-11,10418.11036338425,4.61,0.005822645951833899,0.0
0,2029-12-12,10388.685268525744,4.57,-0.0028244176565767262,-0.04
0,2029-12-13,10533.537761724367,4.6,0.013943294021764027,0.0299999999999993
0,2029-12-14,10478.395386891325,4.65,-0.0052349339870801335,0.0500000000000007
0,2029-12-17,10447.1159681667,4.63,-0.0029851344189355962,-0.0200000000000004
0,2029-12-18,10341.660199859438,4.53,-0.01009424693174608,-0.0999999999999996
0,2029-12-19,10268.677195240562,4.55,-0.0070571845533920425,0.0199999999999995
0,2029-12-20,10360.177503129195,4.55,0.008910622677966912,0.0
0,2029-12-21,10427.879377291618,4.52,0.006534817974110417,-0.0300000000000002
0,2029-12-24,10477.301518216454,4.58,0.004739423917048877,0.0600000000000005
0,2029-12-25,10421.442208879267,4.54,-0.005331459559512343,-0.04
0,2029-12-26,10397.464029080855,4.52,-0.002300850431045077,-0.0200000000000004
0,2029-12-27,10421.610077569841,4.43,0.0023223017094796588,-0.0899999999999998
0,2029-12-28,10529.583896854258,4.45,0.010360569862118089,0.0200000000000004
0,2029-12-31,10512.598347910287,4.49,-0.0016131263220235017,0.04
0,2030-01-01,10421.410315691783,4.51,-0.008674166861576153,0.0199999999999995
0,2030-01-02,10461.634115218716,4.54,0.003859727072291431,0.0300000000000002
0,2030-01-03,10415.040154401517,4.62,-0.004453793767210503,0.08
0,2030-01-04,10424.801002904436,4.52,0.0009371877936347052,-0.1000000000000005
0,2030-01-07,10376.044076783828,4.47,-0.004677012645807298,-0.0499999999999998
0,2030-01-08,10357.009541364365,4.55,-0.0018344694065104352,0.08
0,2030-01-09,10389.349613655504,4.53,0.0031225299312487177,-0.0199999999999995
0,2030-01-10,10349.843785130519,4.5,-0.0038025314378737273,-0.0300000000000002
0,2030-01-11,10400.395054961788,4.42,0.00488425437917181,-0.08
0,2030-01-14,10358.331399647652,4.4,-0.00404442860986021,-0.0199999999999995
0,2030-01-15,10369.621350260839,4.3,0.00108993912026891,-0.1000000000000005
0,2030-01-16,10384.936331622892,4.25,0.00147690844677444,-0.0499999999999998
0,2030-01-17,10344.485482832808,4.29,-0.003895146537095943,0.04
0,2030-01-18,10367.392846968689,4.24,0.0022144517650391662,-0.0499999999999998
0,2030-01-21,10350.8061749642,4.16,-0.0015998884434420763,-0.08
0,2030-01-22,10336.792242178662,4.22,-0.001353897710830793,0.0599999999999996
0,2030-01-23,10354.16059924349,4.28,0.001680246314128052,0.0600000000000005
0,2030-01-24,10341.831885386287,4.29,-0.0011907014324370874,0.0099999999999997
0,2030-01-25,10416.902189860353,4.32,0.007258898162920695,0.0300000000000002
0,2030-01-28,10430.525600705754,4.22,0.0013078178711001995,-0.1000000000000005
0,2030-01-29,10377.516592978855,4.28,-0.0050821032185869,0.0600000000000005
0,2030-01-30,10439.514476338185,4.32,0.005974250467715554,0.04
0,2030-01-31,10412.00516406075,4.27,-0.002635114146331748,-0.0500000000000007
0,2030-02-01,10384.569961485096,4.31,-0.002634958602436433,0.04
0,2030-02-04,10430.639108982381,4.31,0.004436307682277461,0.0
0,2030-02-05,10452.114936282289,4.29,0.002058917682370362,-0.0199999999999995
0,2030-02-06,10451.42513636697,4.25,-6.599620455038533e-05,-0.04
0,2030-02-07,10472.014384346534,4.24,0.0019699943032573295,-0.0099999999999997
0,2030-02-08,10492.16036885276,4.25,0.0019237926693777305,0.0099999999999997
0,2030-02-11,10422.585285388688,4.34,-0.006631149450461492,0.0899999999999998
0,2030-02-12,10540.228707402635,4.31,0.011287355180376503,-0.0300000000000002
0,2030-02-13,10509.487150757022,4.35,-0.0029165929411022052,0.04
0,2030-02-14,10447.81566151728,4.38,-0.00586817304736901,0.0300000000000002
0,2030-02-15,10426.180288611087,4.27,-0.0020708034681242134,-0.1100000000000003
0,2030-02-18,10385.654699831786,4.23,-0.00388690658107726,-0.0399999999999991
0,2030-02-19,10299.90911645496,4.17,-0.008256155808667051,-0.0600000000000005
0,2030-02-20,10246.4083997867,4.2,-0.005194290169297646,0.0300000000000002
0,2030-02-21,10279.454925849044,4.06,0.003225181426794598,-0.1400000000000005
0,2030-02-22,10273.776974291088,4.01,-0.0005523592057083916,-0.0499999999999998
0,2030-02-25,10263.550073832082,4.15,-0.0009954372656323345,0.1400000000000005
0,2030-02-26,10246.145839603376,4.26,-0.0016957323833866433,0.1099999999999994
0,2030-02-27,10234.26874270257,4.34,-0.0011591770297565997,0.08
0,2030-02-28,10311.797122011712,4.4,0.007575370674570406,0.0600000000000005
0,2030-03-01,10268.937495144039,4.48,-0.004156368318785543,0.08
0,2030-03-04,10326.478650838175,4.38,0.005603418632292407,-0.1000000000000005
0,2030-03-05,10258.65037944664,4.35,-0.006568383442697338,-0.0300000000000002
0,2030-03-06,10275.17821238668,4.29,0.0016111118255042443,-0.0599999999999996
0,2030-03-07,10183.448583064825,4.34,-0.008927303003978607,0.0499999999999998
0,2030-03-08,10139.192998612582,4.42,-0.00434583472300734,0.08
0,2030-03-11,10104.117373376053,4.41,-0.0034594099590892205,-0.0099999999999997
0,2030-03-12,10099.067609096583,4.4,-0.0004997729235387237,-0.0099999999999997
0,2030-03-13,10192.791611838142,4.32,0.00928046096623205,-0.08
0,2030-03-14,10139.624289165145,4.29,-0.005216168906195102,-0.0300000000000002
0,2030-03-15,10151.72184362056,4.23,0.0011930969146799082,-0.0599999999999996
0,2030-03-18,10158.708086656696,4.19,0.0006881830633023909,-0.04
0,2030-03-19,10022.177969554163,4.17,-0.013439712603009371,-0.0200000000000004
0,2030-03-20,10031.610419776756,4.25,0.00094115772552106,0.08
0,2030-03-21,10197.797973697241,4.33,0.01656638834307755,0.08
0,2030-03-22,10243.954188912603,4.36,0.004526096254741561,0.0300000000000002
0,2030-03-25,10324.43225252276,4.3,0.007856152236336771,-0.0600000000000005
0,2030-03-26,10192.070044879812,4.26,-0.012820289232912122,-0.04
0,2030-03-27,10190.48610930767,4.37,-0.0001554086230930025,0.1100000000000003
0,2030-03-28,10187.594677941037,4.37,-0.00028373831587805067,0.0
0,2030-03-29,10209.023862770408,4.45,0.002103458716881472,0.08
0,2030-04-01,10207.58223850947,4.49,-0.0001412107837452667,0.04
0,2030-04-02,10340.799543822186,4.53,0.013050818714948557,0.04
0,2030-04-03,10245.58423997631,4.45,-0.009207731321197404,-0.08
0,2030-04-04,10230.471289869814,4.43,-0.001475069625363786,-0.0200000000000004
0,2030-04-05,10237.683366860447,4.46,0.0007049603861137889,0.0300000000000002
0,2030-04-08,10338.31252353584,4.48,0.009829289798230445,0.0200000000000004
0,2030-04-09,10224.570771441693,4.58,-0.011001964956583307,0.0999999999999996
0,2030-04-10,10262.004124114965,4.54,0.0036611172742650657,-0.04
0,2030-04-11,10177.123419249981,4.51,-0.008271357508570939,-0.0300000000000002
0,2030-04-12,10245.935164168568,4.43,0.006761414014929668,-0.08
0,2030-04-15,10168.05671766263,4.47,-0.00760091150862342,0.04
0,2030-04-16,10018.508207273551,4.43,-0.014707678619583596,-0.04
0,2030-04-17,10069.5613977295,4.41,0.005095887471438326,-0.0199999999999995
0,2030-04-18,10105.170865376478,4.46,0.0035363474376360875,0.0499999999999998
0,2030-04-19,10091.525909628848,4.46,-0.0013502944115850188,0.0
0,2030-04-22,10028.982757790174,4.37,-0.006197591166960989,-0.0899999999999998
0,2030-04-23,9965.375235637493,4.4,-0.006342370277112429,0.0300000000000002
0,2030-04-24,10106.336348056258,4.51,0.014145088276723393,0.1099999999999994
0,2030-04-25,10065.968189977984,4.49,-0.003994341439668971,-0.0199999999999995
0,2030-04-26,10045.967022194756,4.47,-0.0019870088406540214,-0.0200000000000004
0,2030-04-29,10029.634282399971,4.41,-0.0016258006579854042,-0.0599999999999996
0,2030-04-30,10206.352601754455,4.36,0.017619617463479266,-0.0499999999999998
0,2030-05-01,10240.287970604031,4.41,0.0033249261684082047,0.0499999999999998
0,2030-05-02,10231.963233854896,4.46,-0.0008129397115620705,0.0499999999999998
0,2030-05-03,10095.838633689193,4.39,-0.013303859391842103,-0.0700000000000002
0,2030-05-06,10055.172805649285,4.38,-0.004027979201669092,-0.0099999999999997
0,2030-05-07,10048.08189394287,4.38,-0.0007052003822779908,0.0
0,2030-05-08,10009.531065910784,4.34,-0.0038366355329294242,-0.04
0,2030-05-09,10130.53795783646,4.3,0.01208916692788796,-0.04
0,2030-05-10,10148.412437627656,4.29,0.0017644156574498945,-0.0099999999999997
0,2030-05-13,10128.608623621514,4.26,-0.0019514199021626573,-0.0300000000000002
0,2030-05-14,9972.99676510167,4.29,-0.015363596748810247,0.0300000000000002
0,2030-05-15,9995.9173490607,4.24,0.002298264453392477,-0.0499999999999998
0,2030-05-16,9830.250385579653,4.26,-0.016573462714416592,0.0199999999999995
0,2030-05-17,9857.053688157275,4.3,0.002726614432623277,0.04
0,2030-05-20,9869.963994473104,4.35,0.0013097530686417154,0.0499999999999998
0,2030-05-21,9971.593227306212,4.4,0.010296819004610037,0.0500000000000007
0,2030-05-22,9822.853268438646,4.42,-0.014916368475626968,0.0199999999999995
0,2030-05-23,9760.743141845318,4.34,-0.006323022944147239,-0.08
0,2030-05-24,9832.414687720437,4.35,0.007342836998532936,0.0099999999999997
0,2030-05-27,9818.01409969507,4.43,-0.0014646034044263029,0.08
0,2030-05-28,9833.68915172497,4.43,0.0015965603502633055,0.0
0,2030-05-29,9798.423077595324,4.5,-0.0035862506517669165,0.0700000000000002
0,2030-05-30,9617.777259038747,4.46,-0.018436213370867267,-0.04
0,2030-05-31,9697.12582355925,4.47,0.008250197772664272,0.0099999999999997
0,2030-06-03,9590.283282042219,4.44,-0.011017959698682678,-0.0299999999999993
0,2030-06-04,9484.319571920601,4.38,-0.011049069876802783,-0.0600000000000005
0,2030-06-05,9684.706311984093,4.35,0.02112821468571762,-0.0300000000000002
0,2030-06-06,9673.397776612965,4.4,-0.001167669416793199,0.0500000000000007
0,2030-06-07,9712.830971750007,4.43,0.00407645752275171,0.0299999999999993
0,2030-06-10,9414.83251653123,4.4,-0.03068090612155329,-0.0299999999999993
0,2030-06-11,9445.338413491214,4.42,0.003240195394492479,0.0199999999999995
0,2030-06-12,9366.159684674009,4.34,-0.008382836628077841,-0.08
0,2030-06-13,9065.396769284129,4.38,-0.032111657874253685,0.04
0,2030-06-14,9015.68301779308,4.37,-0.005483902443132996,-0.0099999999999997
0,2030-06-17,8931.227041899525,4.23,-0.009367673611292269,-0.1399999999999996
0,2030-06-18,8980.118607875136,4.22,0.0054742271970294465,-0.0100000000000006
0,2030-06-19,8954.969804173532,4.22,-0.002800497944375617,0.0
0,2030-06-20,9091.92382239195,4.22,0.015293632609971245,0.0
0,2030-06-21,8957.118765276411,4.23,-0.014826901297119926,0.0100000000000006
0,2030-06-24,8889.661758231212,4.27,-0.0075311055723303755,0.0399999999999991
0,2030-06-25,8841.831916366013,4.27,-0.005380389396808344,0.0
0,2030-06-26,8595.773999804174,4.29,-0.0278288389656437,0.0200000000000004
0,2030-06-27,8772.393880710048,4.24,0.0205472922985059,-0.0499999999999998
0,2030-06-28,8816.449843360004,4.29,0.005022114060203389,0.0499999999999998
0,2030-07-01,9033.97198262599,4.33,0.02467230496749319,0.04
0,2030-07-02,9010.223431105305,4.34,-0.002628805088875417,0.0099999999999997
0,2030-07-03,9032.258137909268,4.3,0.0024455227966815375,-0.04
0,2030-07-04,8944.642761008496,4.29,-0.009700273792335772,-0.0099999999999997
0,2030-07-05,9090.195767393338,4.33,0.016272646127281482,0.04
0,2030-07-08,9058.3012079371,4.26,-0.0035086768505738697,-0.0700000000000002
0,2030-07-09,8960.538784806375,4.28,-0.010792578087938143,0.0200000000000004
0,2030-07-10,9189.856096642288,4.26,0.025591911082930435,-0.0200000000000004
0,2030-07-11,9448.036727455426,4.24,0.028094088536105653,-0.0199999999999995
0,2030-07-12,9451.191045133506,4.22,0.0003338595910526879,-0.0200000000000004
0,2030-07-15,9488.947960176933,4.23,0.003994937237340873,0.0100000000000006
0,2030-07-16,9540.96215543481,4.28,0.0054815555397890875,0.0499999999999998
0,2030-07-17,9678.419711248325,4.22,0.014407095801675984,-0.0600000000000005
0,2030-07-18,9524.28512511595,4.17,-0.015925594335740516,-0.0499999999999998
0,2030-07-19,9557.8275490903,4.1,0.0035217786462414884,-0.0700000000000002
0,2030-07-22,9619.96788858109,4.05,0.006501512940218879,-0.0499999999999998
0,2030-07-23,9832.706588707833,4.08,0.02211428380954001,0.0300000000000002
0,2030-07-24,10137.166185379143,4.04,0.030963966424154433,-0.04
0,2030-07-25,10284.84790831559,4.01,0.01456834387794178,-0.0300000000000002
0,2030-07-26,10314.362394672564,4.06,0.002869705669940906,0.0499999999999998
0,2030-07-29,10039.354455666778,4.05,-0.02666262135096489,-0.0099999999999997
0,2030-07-30,10099.970462892954,4.04,0.0060378391353599495,-0.0099999999999997
0,2030-07-31,10155.921111537915,4.06,0.005539684383288324,0.0199999999999995
0,2030-08-01,10188.529203153033,4.11,0.003210746839897424,0.0500000000000007
0,2030-08-02,10273.062607868447,4.14,0.00829691931287316,0.0299999999999993
0,2030-08-05,10259.045404940958,4.15,-0.0013644619392032015,0.0100000000000006
0,2030-08-06,10234.911084271342,4.12,-0.0023524918466578566,-0.0300000000000002
0,2030-08-07,10154.887897598748,4.16,-0.00781864991436721,0.04
0,2030-08-08,10200.694522893797,4.18,0.004510795762293031,0.0199999999999995
0,2030-08-09,10241.558777398679,4.2,0.0040060266889836785,0.0200000000000004
0,2030-08-12,10247.63373542618,4.15,0.0005931673253593197,-0.0499999999999998
0,2030-08-13,10375.766725276062,4.16,0.012503666032376185,0.0099999999999997
0,2030-08-14,10254.950187084596,4.12,-0.011644107022679089,-0.04
0,2030-08-15,10323.482098397139,4.1,0.006682812696531079,-0.0200000000000004
0,2030-08-16,10350.896553402566,4.13,0.0026555434246052644,0.0300000000000002
0,2030-08-19,10284.864402742387,4.18,-0.006379365335118984,0.0499999999999998
0,2030-08-20,10195.665290129095,4.14,-0.008672852564736575,-0.04
0,2030-08-21,10192.730781209635,4.13,-0.00028781926789019774,-0.0099999999999997
0,2030-08-22,9905.526403380554,4.14,-0.028177373070477317,0.0099999999999997
0,2030-08-23,9843.624084496263,4.05,-0.006249270999183397,-0.0899999999999998
0,2030-08-26,9790.868164844896,4.05,-0.005359400074456118,0.0199999999999995
0,2030-08-27,10013.316559973917,3.99,0.022719986765601014,-0.0599999999999996
0,2030-08-28,9902.713932980654,4.02,-0.011045553821335664,0.0299999999999993
0,2030-08-29,9868.291093606627,4.0,-0.0034761015623589334,-0.0199999999999995
0,2030-08-30,9772.542628207431,3.98,-0.009702638936262074,-0.02
0,2030-09-02,9810.981474169548,3.97,0.003933351577425255,-0.0099999999999997
0,2030-09-03,9854.527932080027,4.01,0.004438542466431933,0.0399999999999995
0,2030-09-04,10126.36990584861,4.02,0.02758548919260161,0.0099999999999997
0,2030-09-05,9904.59004469971,4.01,-0.021901220596416228,-0.0099999999999997
0,2030-09-06,9858.313555917612,3.99,-0.004672226571039365,-0.0199999999999995
0,2030-09-09,9620.013342189115,4.08,-0.024172513115638575,0.0899999999999998
0,2030-09-10,9627.5334958356,4.11,0.0007817196690887984,0.0300000000000002
0,2030-09-11,9656.445325583483,4.11,0.003003036007134055,0.0
0,2030-09-12,9667.830253671242,4.13,0.0011789978303502324,0.0199999999999995
0,2030-09-13,9549.422463882793,4.1,-0.01224760744464723,-0.0300000000000002
0,2030-09-16,9478.622251912193,4.17,-0.007414083127893514,0.0700000000000002
0,2030-09-17,9440.661217867051,4.11,-0.004004910527738737,-0.0599999999999996
0,2030-09-18,9465.234645838242,4.11,0.002602935049155756,0.0
0,2030-09-19,9465.044891458112,4.13,-2.004750935709202e-05,0.0199999999999995
0,2030-09-20,9606.009631502084,4.11,0.01489319297060998,0.0300000000000002
0,2030-09-23,9464.953865645299,4.14,-0.014684116638214065,0.0299999999999993
0,2030-09-24,9648.303853082125,4.13,0.019371461291779364,-0.0099999999999997
0,2030-09-25,9699.32489079287,4.12,0.00528808363497448,-0.0099999999999997
0,2030-09-26,9828.379668078318,4.13,0.01330554226593162,0.0099999999999997
0,2030-09-27,9893.472452784239,4.1,0.006622941614408399,-0.0300000000000002
0,2030-09-30,9819.572422423798,4.06,-0.007469574581939939,-0.04
0,2030-10-01,9848.722465246945,4.04,0.0029685653885071312,-0.0199999999999995
0,2030-10-02,10094.977802665484,4.01,0.025003784834784056,-0.0300000000000002
0,2030-10-03,10204.152120008728,4.0,0.010814715938693523,-0.0099999999999997
0,2030-10-04,10129.419333086562,4.02,-0.007323762527572239,0.0199999999999995
0,2030-10-07,10201.004915240701,4.09,0.0070670963260759875,0.0700000000000002
0,2030-10-08,10346.986392684053,4.09,0.014310499667072084,0.0
0,2030-10-09,10445.831485591734,4.06,0.009553032076815075,-0.0300000000000002
0,2030-10-10,10555.649383796317,4.11,0.0105130834587997,0.0500000000000007
0,2030-10-11,10693.572860622504,4.14,0.013066318500300746,0.0299999999999993
0,2030-10-14,10771.283692105466,4.17,0.007267059615698798,0.0300000000000002
0,2030-10-15,10754.271659664377,4.18,-0.0015793876502907245,0.0099999999999997
0,2030-10-16,10892.106138696381,4.13,0.012816719104183808,-0.0499999999999998
0,2030-10-17,10904.59454946633,4.14,0.0011465561031932289,0.0099999999999997
0,2030-10-18,11191.229740289991,4.19,0.026285726582808904,0.0500000000000007
0,2030-10-21,11018.035785244925,4.18,-0.015475864499639693,-0.0100000000000006
0,2030-10-22,11039.758419358213,4.15,0.0019715523289893762,-0.0299999999999993
0,2030-10-23,10966.172250752074,4.16,-0.006665559680826631,0.0099999999999997
0,2030-10-24,11005.465930631584,4.12,0.003583171865353244,-0.04
0,2030-10-25,11127.869760925532,4.16,0.011122094336166366,0.04
0,2030-10-28,11272.139599312859,4.17,0.012964731030005075,0.0099999999999997
0,2030-10-29,11215.913491819732,4.18,-0.004988059897391143,0.0099999999999997
0,2030-10-30,11208.398527271393,4.15,-0.0006700269713938134,-0.0299999999999993
0,2030-10-31,11262.25856299122,4.14,0.0048053283962715835,-0.0100000000000006
0,2030-11-01,11374.896655172384,4.12,0.010001376859815895,-0.0199999999999995
0,2030-11-04,11379.970878298427,4.14,0.00044608960238213646,0.0199999999999995
0,2030-11-05,11237.025658012164,4.18,-0.012561123557781561,0.04
0,2030-11-06,11273.664765873642,4.19,0.003260569920951737,0.0100000000000006
0,2030-11-07,11392.54356107959,4.17,0.010544822617557636,-0.0200000000000004
0,2030-11-08,11529.871499571285,4.18,0.012054194724420307,0.0099999999999997
0,2030-11-11,11358.952479152467,4.15,-0.014824017806718215,-0.0299999999999993
0,2030-11-12,11399.438008868703,4.19,0.003564195711755977,0.04
0,2030-11-13,11534.039414927773,4.18,0.011807722973215834,-0.0100000000000006
0,2030-11-14,11514.647437485268,4.19,-0.0016812823976833664,0.0100000000000006
0,2030-11-15,11495.540893961208,4.18,-0.0016593251011627922,-0.0100000000000006
0,2030-11-18,11434.923067592907,4.15,-0.005273159995467908,-0.0299999999999993
0,2030-11-19,11365.457987850821,4.17,-0.006074818285306403,0.0199999999999995
0,2030-11-20,11230.582981297532,4.24,-0.011867098246059651,0.0700000000000002
0,2030-11-21,11427.006002901924,4.3,0.017490011153606138,0.0599999999999996
0,2030-11-22,11470.62454065251,4.26,0.003817144905630546,-0.04
0,2030-11-25,11585.220365308676,4.26,0.009990373606077995,0.0
0,2030-11-26,11730.086219867588,4.24,0.012504367633153072,-0.0199999999999995
0,2030-11-27,11451.215320352372,4.22,-0.023773985483830775,-0.0200000000000004
0,2030-11-28,11343.51712017323,4.24,-0.009404958091018382,0.0200000000000004
0,2030-11-29,11748.176291254267,4.26,0.03567316616125994,0.0199999999999995
0,2030-12-02,11729.461253000087,4.24,-0.001593016464020262,-0.0199999999999995
0,2030-12-03,11549.263882149158,4.26,-0.015362800299531094,0.0199999999999995
0,2030-12-04,11626.152247736874,4.29,0.006657425648274928,0.0300000000000002
0,2030-12-05,11683.406451203178,4.28,0.004924604653912862,-0.0099999999999997
0,2030-12-06,12090.960712837454,4.29,0.03488317070337859,0.0099999999999997
0,2030-12-09,12032.204730406684,4.21,-0.004859496596361066,-0.08
0,2030-12-10,11946.053009871654,4.22,-0.007160094302361472,0.0099999999999997
0,2030-12-11,12001.65763132889,4.22,0.004654643789985421,0.0
0,2030-12-12,12135.576504908508,4.16,0.011158364760384273,-0.0599999999999996
0,2030-12-13,12094.729368952949,4.18,-0.0033658999174070807,0.0199999999999995
0,2030-12-16,12044.089142414476,4.09,-0.004186966487110172,-0.0899999999999998
0,2030-12-17,12016.701818222544,4.04,-0.0022739224085850376,-0.0499999999999998
0,2030-12-18,12052.140538941541,4.05,0.0029491220848349574,0.0099999999999997
0,2030-12-19,12156.967409119894,4.09,0.008697780268961165,0.04
0,2030-12-20,12184.697293540383,4.08,0.002280986983619623,-0.0099999999999997
0,2030-12-23,12057.722974491715,4.08,-0.010420802092143976,0.0
0,2030-12-24,11999.566432372467,4.03,-0.004823177829037725,-0.0499999999999998
0,2030-12-25,12067.602358532271,4.04,0.00566986536915671,0.0099999999999997
0,2030-12-26,12092.7439859292,4.05,0.0020833987274327635,0.0099999999999997
0,2030-12-27,12009.515741557785,4.02,-0.006882494532941208,-0.0300000000000002
0,2030-12-30,12035.594306926996,3.97,0.0021714918345099674,-0.0499999999999993
0,2030-12-31,11850.730064753352,4.05,-0.015359793414376405,0.0799999999999996
0,2031-01-01,12045.052917447649,4.06,0.01639754273639702,0.0099999999999997
0,2031-01-02,12113.835566188334,4.09,0.005710448033071773,0.0300000000000002
0,2031-01-03,12016.64347722517,4.13,-0.008023230002761594,0.04
0,2031-01-06,12114.560167027535,4.15,0.008148422642973684,0.0200000000000004
0,2031-01-07,12013.800506864081,4.12,-0.008317236348183099,-0.0300000000000002
0,2031-01-08,11841.974823411281,4.15,-0.014302358637853896,0.0300000000000002
0,2031-01-09,11758.92247901658,4.21,-0.007013386334051984,0.0599999999999996
0,2031-01-10,11895.725559132277,4.27,0.011633980950194845,0.0599999999999996
0,2031-01-13,11871.788110880147,4.28,-0.0020122730751596348,0.0100000000000006
0,2031-01-14,11867.791117033388,4.23,-0.00033668001900192645,-0.0499999999999998
0,2031-01-15,12004.381227147149,4.2,0.0115093119491897,-0.0300000000000002
0,2031-01-16,11871.75378786492,4.26,-0.011048252864737405,0.0599999999999996
0,2031-01-17,11783.918970994724,4.25,-0.00739863868807481,-0.0099999999999997
0,2031-01-20,11692.875471383484,4.39,-0.007726079909012954,0.1399999999999996
0,2031-01-21,11845.25090787976,4.34,0.013031476891136925,-0.0499999999999998
0,2031-01-22,11927.889617379355,4.39,0.006976526723011163,0.0499999999999998
0,2031-01-23,11921.041800617346,4.33,-0.0005741012854471421,-0.0599999999999996
0,2031-01-24,11765.125806236721,4.42,-0.013079057769309194,0.0899999999999998
0,2031-01-27,11805.430915613459,4.44,0.0034258120176981904,0.0200000000000004
0,2031-01-28,11820.032581699368,4.35,0.001236860068072335,-0.0900000000000007
0,2031-01-29,11736.371444198301,4.3,-0.007077910904458655,-0.0499999999999998
0,2031-01-30,11713.845722848822,4.33,-0.001919308830380873,0.0300000000000002
0,2031-01-31,11677.754516446557,4.31,-0.003081072369927735,-0.0200000000000004
0,2031-02-03,11701.925607472074,4.34,0.002069840652282594,0.0300000000000002
0,2031-02-04,11694.331715292135,4.33,-0.0006489438093068938,-0.0099999999999997
0,2031-02-05,11724.974405721841,4.29,0.0026203028249692354,-0.04
0,2031-02-06,11745.010439531301,4.29,0.0017088339058278761,0.0
0,2031-02-07,11658.856757916914,4.31,-0.007335343127870737,0.0199999999999995
0,2031-02-10,11553.206369698422,4.3,-0.009061813727726752,-0.0099999999999997
0,2031-02-11,11613.038482694452,4.26,0.005178831839527784,-0.04
0,2031-02-12,11653.816487204505,4.29,0.0035113983795732008,0.0300000000000002
0,2031-02-13,11714.722833419995,4.32,0.005226300438346746,0.0300000000000002
0,2031-02-14,11691.808557912493,4.26,-0.001956023700546461,-0.0600000000000005
0,2031-02-17,11619.715847963684,4.26,-0.006166087102069336,0.0
0,2031-02-18,11577.9260919668,4.3,-0.00359645249020509,0.04
0,2031-02-19,11621.51779629957,4.3,0.003765070184980241,0.0
0,2031-02-20,11550.840300971302,4.34,-0.00608160625549036,0.04
0,2031-02-21,11530.357785861663,4.31,-0.00177324892180509,-0.0300000000000002
0,2031-02-24,11528.70501788884,4.35,-0.0001433405626708931,0.04
0,2031-02-25,11528.727597146075,4.36,1.9585250208004187e-06,0.0100000000000006
0,2031-02-26,11498.514764358928,4.42,-0.0026206563155006047,0.0599999999999996
0,2031-02-27,11396.323088558402,4.4,-0.008887380491720677,-0.0199999999999995
0,2031-02-28,11477.339946706297,4.39,0.007109034863115933,-0.0100000000000006
0,2031-03-03,11362.336026588026,4.45,-0.010020084849998313,0.0600000000000005
0,2031-03-04,11352.335692827617,4.43,-0.000880130083902389,-0.0200000000000004
0,2031-03-05,11484.936398165823,4.36,0.011680477826424963,-0.0699999999999994
0,2031-03-06,11528.142565824159,4.41,0.003761985801265467,0.0499999999999998
0,2031-03-07,11651.225809036237,4.38,0.010676762757685414,-0.0300000000000002
0,2031-03-10,11810.574225322645,4.42,0.013676536606373555,0.04
0,2031-03-11,11761.026375402407,4.46,-0.00419521091650267,0.04
0,2031-03-12,11798.560958294032,4.46,0.0031914376937480834,0.0
0,2031-03-13,11800.015544156406,4.47,0.00012328502327653765,0.0099999999999997
