label,n,mean_sp500,std_sp500,skew_sp500,kurt_sp500,absacf1_sp500,absacf5_sp500,sqacf1_sp500,leverage_sp500_lag1_20,mean_DGS10,std_DGS10,skew_DGS10,kurt_DGS10,absacf1_DGS10,sp_dgs10_corr,r_acf1,abs_acf1,sq_acf1,r_acf2,abs_acf2,sq_acf2,r_acf3,abs_acf3,sq_acf3,r_acf5,abs_acf5,sq_acf5,r_acf10,abs_acf10,sq_acf10,r_acf20,abs_acf20,sq_acf20,r_acf60,abs_acf60,sq_acf60,abs_q095,abs_q099,abs_q0995,abs_q0999,abs_q10,ann_return_approx,lev_dec1_1d,lev_dec2_1d,lev_dec3_1d,lev_dec4_1d,lev_dec5_1d,lev_dec6_1d,lev_dec7_1d,lev_dec8_1d,lev_dec9_1d,lev_dec10_1d,lev_dec1_3d,lev_dec2_3d,lev_dec3_3d,lev_dec4_3d,lev_dec5_3d,lev_dec6_3d,lev_dec7_3d,lev_dec8_3d,lev_dec9_3d,lev_dec10_3d,lev_dec1_4d,lev_dec2_4d,lev_dec3_4d,lev_dec4_4d,lev_dec5_4d,lev_dec6_4d,lev_dec7_4d,lev_dec8_4d,lev_dec9_4d,lev_dec10_4d,lev_dec1_5d,lev_dec2_5d,lev_dec3_5d,lev_dec4_5d,lev_dec5_5d,lev_dec6_5d,lev_dec7_5d,lev_dec8_5d,lev_dec9_5d,lev_dec10_5d,lev_dec1_7d,lev_dec2_7d,lev_dec3_7d,lev_dec4_7d,lev_dec5_7d,lev_dec6_7d,lev_dec7_7d,lev_dec8_7d,lev_dec9_7d,lev_dec10_7d,lev_dec1_10d,lev_dec2_10d,lev_dec3_10d,lev_dec4_10d,lev_dec5_10d,lev_dec6_10d,lev_dec7_10d,lev_dec8_10d,lev_dec9_10d,lev_dec10_10d,lev_dec1_20d,lev_dec2_20d,lev_dec3_20d,lev_dec4_20d,lev_dec5_20d,lev_dec6_20d,lev_dec7_20d,lev_dec8_20d,lev_dec9_20d,lev_dec10_20d,lev_mid_1d,lev_mid_3d,lev_mid_4d,lev_mid_5d,lev_mid_7d,lev_mid_10d,lev_mid_20d,corr_all,rc_mean,rc_q05,rc_q50,rc_q95,rc_pos_share,dy_std,dy_kurt,ady_acf1,y_min,y_max,y_acf250,score
D01_ds046_la_seed1,14882,0.00028493186939447914,0.01137403541998852,-0.46975983302039387,12.031175495549872,0.26841825500784383,0.20575218006078597,0.2267964502624051,-0.021167661191760657,4.071122184735895e-05,0.052677940675203316,0.23452076316504922,14.046246316998902,0.11216239353798385,0.17272562602434546,-0.05886679153602539,0.26841825500784383,0.2267964502624051,-0.005953954167037576,0.20733739177672514,0.08980309382541538,-0.0037428580534850544,0.19913941040806338,0.08522934666221127,0.003114247560842411,0.20575218006078597,0.14760689849873146,0.006017364611542057,0.15831457428923926,0.053763212059612965,0.012534760319898568,0.10924014774092941,0.024588907408334817,0.004958284746464097,0.11632910272478941,0.02758841603553823,0.02270658323541283,0.03401710581034423,0.03974469888955353,0.051499254122377776,0.20479361712932587,0.05762563546962607,-0.03100770125425901,-0.009361336748476192,0.001588521557846802,0.000956749581195514,-0.0412044770598051,-0.02073811341173833,-0.07339876481576275,-0.07259951750499355,-0.1099850389282183,-0.14463316734942167,-0.019531716556112477,0.0016103932300885336,0.01992848153585185,0.035534518187254935,-0.01772674207364687,-0.022878806181336295,-0.06174104214891306,-0.1264183563758471,-0.11451241541297198,-0.191465391356462,-0.027137042800602758,-0.0015149223281183722,0.009376829586660132,0.02599709668238374,-0.023420288525073836,-0.03365953424555763,-0.0661603499148873,-0.13003627767098758,-0.12019574630514909,-0.20639254960334474,-0.031040739694689144,-0.004929279250561528,0.010196936581216783,0.030499163299884748,-0.0365259907403513,-0.03651955601030501,-0.08311059770880601,-0.12673796190475237,-0.12593945535132037,-0.2264233301119756,-0.040879959487929184,-0.011321408963117736,0.02038710506497529,0.0322614933505981,-0.03380776747728155,-0.049361288596161144,-0.07751406695282194,-0.12316780104099968,-0.12246345696598163,-0.22187235565468075,-0.0391290421193715,0.001380325790639327,0.017183905242181326,0.038221450360602205,-0.034139838302199584,-0.05221194307431399,-0.05483606337765722,-0.10737987949599183,-0.09166857301762295,-0.20008034287446583,-0.04412695625487322,-0.03477080956453107,0.0005920529224483053,0.021643413599470064,-0.023105869543983595,-0.03326644786147906,-0.02334934753803842,-0.07703904438273822,-0.0561474636914484,-0.15781576527929103,-0.06358518234410361,-0.06865547243854306,-0.07469443933233108,-0.08176671234310699,-0.08126287620664918,-0.06804725945355711,-0.042581634603537546,0.17272562602434546,0.1713371026844121,-0.480760193534139,0.2783717684972756,0.8346268414581957,0.58196444264179,0.05267971061861163,11.050361772464766,0.11216239353798389,0.8660023802963339,14.66738053186468,0.9576250141295078,0.23291462921541534
D01_ds046_la_seed2,14882,0.00033238898697445776,0.013504338277947914,-0.7500932911623489,21.427400106624624,0.30527984368173994,0.2092162471597028,0.19044617484305484,-0.008100990208305585,-0.0001991091150119529,0.05791826198875201,-0.1912209922256004,8.856313843525438,0.1191771108172355,-0.257260440930402,-0.016113746570041623,0.30527984368173994,0.19044617484305484,-0.008621374457234427,0.2520015178201426,0.08617891440620987,-0.012524531363832971,0.2542270065007611,0.08070430321384692,0.008159461998001216,0.2092162471597028,0.046667975712783215,0.002204155680845629,0.16854060323958803,0.032653220129980336,0.018243215494866342,0.1398484412082914,0.013944647406754745,-0.015032174555809899,0.15561606872768166,0.01851195297041385,0.02658847915008663,0.03971628244966271,0.045741275642067175,0.07833448889851681,0.2234678417444229,0.06343183793236484,0.03902962574693908,0.006563434209984882,-0.05105853704860458,-0.024010087639954863,-0.0025786236005518664,-0.010134118050358397,-0.09368372743637843,-0.04500038041746035,-0.15949596340789696,-0.15604679725024764,0.0437622932434163,0.00936790457067604,-0.04080836897691725,-0.03668717090516099,-0.005646180811336006,-0.025315491890760912,-0.10800774998714563,-0.07147390996580047,-0.17347622706160537,-0.17607908010370307,0.0462131470789568,0.01349324125662618,-0.046867702078623896,-0.05982726964307372,-0.008183300205463347,-0.018422724506044885,-0.12450249798476336,-0.07144502248503512,-0.1793447733314248,-0.1450307453531265,0.04540312179798458,0.022454957523691234,-0.04155986361789793,-0.06690380692587265,-0.010001045266686952,-0.024408348274239856,-0.12831657959870216,-0.058791507694900054,-0.16843776366743743,-0.13910434132821445,0.03957827341688774,0.007593567486444863,-0.027896379851895695,-0.0616277409365434,-0.005640841004922008,-0.011891860508528708,-0.10944407073092283,-0.054172380175132186,-0.1478481684168059,-0.14442464378829512,0.0377295591882797,-0.0014077082218477564,-0.005006386844203747,-0.06543297635441084,-0.012777763214246287,-0.020187708262935384,-0.0982548077628973,-0.03551732890499392,-0.1309213352106624,-0.1281029702174167,0.031355112168372765,-0.009254360590417838,-0.0015672877085679807,-0.05438967046384256,0.0022181622962233025,-0.02240919807858649,-0.07377448896947292,-0.009211131196969867,-0.07077413742843583,-0.09604109737830692,-0.062178562582529205,-0.07678391194332967,-0.0803796637025463,-0.0779910489003933,-0.06579946416726232,-0.05953178867114706,-0.03479015867544836,-0.257260440930402,-0.12474571527024532,-0.7063568739583725,-0.22738350678855607,0.8254079227707526,0.37713783546271884,0.057920208003435086,5.85868518253692,0.1191771108172355,1.3273782796600928,16.0,0.9734317083401237,0.3897599113478437
D01_ds046_la_seed3,14882,0.0002975912123911908,0.009849769498255773,-0.6227247642110372,16.154710703080415,0.23178002866064182,0.16421685096957642,0.35105829030146724,-0.030167569521148845,0.00016223652185440285,0.05026953010430462,-0.18714607750228582,11.248715105606053,0.16582512643866784,-0.06996964301830273,-0.013690803093735947,0.23178002866064182,0.35105829030146724,-0.02005472789283866,0.2060506312065538,0.27092959840062075,-0.010491162738474353,0.20002521087328606,0.25892279804774593,0.03072368250473677,0.16421685096957642,0.22702089708575474,-0.0023283326797558963,0.10179061336632066,0.0848874474662133,0.004547939790533244,0.03657225183092284,0.002164582501043469,0.011286183037822375,0.025955105645499518,9.807030358061517e-05,0.018501733057200903,0.027954251077026128,0.03375842038542022,0.07451772736758068,0.1489155888557434,0.06539301084526161,0.016926263616227066,-0.022300118444047935,-0.04777496046311387,-0.028522978838094636,-0.040697736248613704,-0.07503863457122918,-0.040357337522051506,-0.05984825977782469,-0.08560981156648,-0.18411417770138186,0.006896903355286206,-0.032823694706861195,-0.04413251796184766,-0.05087412295147553,-0.01816696029286226,-0.059691823821940056,-0.07066791289878765,-0.05518894721392429,-0.12376730527697136,-0.18677439601855053,-0.00533635435426251,-0.01957695670094282,-0.03192800048034587,-0.04496699830007041,-0.017071103006517853,-0.042787745794543725,-0.04983783246729954,-0.061936315565412146,-0.12776618821809074,-0.2256020119772632,0.009418298738670129,-0.027170232959567178,-0.01940956975874572,-0.05094664581027831,0.001785943454989022,-0.04757916019608923,-0.037286257485068676,-0.06386387356761516,-0.11219627441600974,-0.2337983601311791,-0.01060109188541158,-0.03548071521870063,-0.024234694287858818,-0.03973126642367014,0.024387176223564226,-0.05305337273914719,-0.03205064825812865,-0.060618490302478616,-0.11387273286253304,-0.2271393009940092,0.004832589961124771,-0.01986263141169992,-0.006228840848121991,-0.02939458929114437,0.019624954258851333,-0.06481557018681,-0.03635203230643018,-0.07788053895001612,-0.12564617151209462,-0.22056714205097383,0.009048497079467598,0.0030237585105858293,0.011021170791434111,-0.030354874875339964,0.0019545771622964583,-0.034242148049770035,-0.01252386800717013,-0.061742658337229236,-0.07717689893814166,-0.18847994168690077,-0.06031035593723981,-0.06549658990089713,-0.059879837010372805,-0.05182792444195876,-0.047041613587744655,-0.057013871739299914,-0.03674619923400292,-0.06996964301830273,0.1039872518289521,-0.5612848293744428,0.07780992057765478,0.764818309064259,0.5137565064557561,0.05027121912673615,8.251890429337573,0.16582512643866773,0.4,14.992679104247221,0.9773226439160762,0.32269842211508515
D02_ds050_la_seed1,14882,0.000285771587603085,0.01144253156625463,-0.561933601893479,14.259053410729107,0.2741633095149604,0.21077354638830015,0.22682139868529003,-0.02009205709674872,4.342068941630273e-05,0.05274446549586525,0.2500683535897826,14.199492131778992,0.11348802039544502,0.1700755016923575,-0.058387994067819686,0.2741633095149604,0.22682139868529003,-0.006694674473196556,0.212762922723296,0.0860307588270385,-0.004322468295631988,0.2039047327878716,0.07992916774210261,0.0016187000142149578,0.21077354638830015,0.14284400727472468,0.005332120015192599,0.15917118615990594,0.04742645446909008,0.012538365242713985,0.10853925309638164,0.019635584745354404,0.005647018788056726,0.11518102138917505,0.022412737145966463,0.022764643747359512,0.03405492246150971,0.04015933873131866,0.05313190216571143,0.21943838894367218,0.05762432208926249,-0.027027843867803984,-0.020012804934960503,0.006605794977094313,0.004474675286367819,-0.04361917798776253,-0.004963592021545943,-0.0933669356984794,-0.053201737538192295,-0.12688181585637298,-0.13825355512142437,-0.01492141308757142,0.009699655946099003,0.005868282813732759,0.03859906036842645,-0.02414875243650851,-0.008881085995274934,-0.0736667895718499,-0.11922570261346925,-0.1237580254692119,-0.1860825122450956,-0.01956764531380912,0.003248833047044305,-0.0014057966923337422,0.03364602355027619,-0.025014620751344,-0.023398995589903045,-0.08406548804697,-0.1173102942464881,-0.13021761841069598,-0.20231909423268038,-0.01821390656130549,-0.0028948146654110577,0.0011401963709805594,0.035648166667224784,-0.03044568694742808,-0.03195098782694245,-0.09406147634527919,-0.11775353762907971,-0.1361840604913776,-0.22235756892503267,-0.014271489760598654,-0.006366634585550363,0.006224300671573965,0.03507567276654567,-0.02484621301577305,-0.04730902280772588,-0.08743579217014452,-0.11606241410018199,-0.13058771199720784,-0.21800715189370726,-0.01642222367969156,-0.007348807384527911,0.01316135836713489,0.03170414767178282,-0.018368013838470903,-0.04494255224370311,-0.06613606636432358,-0.10273348977156363,-0.10075511129495683,-0.19704218284221153,-0.03150327633463948,-0.0434142237546832,-0.0021281542977721456,0.02029549235482325,-0.01565787758719231,-0.024075086937445454,-0.03184044558119588,-0.07297342998850292,-0.06419502074946022,-0.15827830395468476,-0.06440665182047063,-0.06993607121726289,-0.07600140340908024,-0.08207914984802141,-0.08124823081820665,-0.06658704670260361,-0.04174837216875935,0.1700755016923575,0.17069926294026014,-0.4808537800437262,0.2777832326751973,0.8349844757516379,0.5814236463192051,0.05274623767446284,11.203659086671578,0.11348802039544505,0.8662703962914082,14.659674943484593,0.9574009707289401,0.24776595758168285
D02_ds050_la_seed2,14882,0.00033321831311692684,0.013568267503258378,-0.7036358215853749,22.01595967223684,0.3080452826499257,0.21244624432968118,0.19237717926359252,-0.006808648521184487,-0.00020049605659783272,0.05793470164624859,-0.1888367173260293,8.86474907015492,0.11971627300736994,-0.25712666458109584,-0.014107017524678564,0.3080452826499257,0.19237717926359252,-0.008207454328046804,0.25625334399629596,0.09454793296204327,-0.014194833761736627,0.25866554215140486,0.09138026206306799,0.010126014442713962,0.21244624432968118,0.05262444871264036,0.0015923049993417768,0.1694168877197711,0.036533645943978184,0.018023154361960836,0.13774899320161924,0.01303954528233143,-0.014775823645337107,0.15300904359871623,0.017239263324724096,0.026601841580122708,0.039835693910717986,0.046157974116504026,0.08405869798362317,0.2234678417444229,0.0634281921979436,0.026605491840045046,0.01076303442812771,-0.05377811855517574,-0.010484882811425076,-0.010520190995848316,-0.011865900704182657,-0.0910882383697139,-0.045495818230904005,-0.15107195732200718,-0.14975105758873036,0.03851099555499023,0.011456739712119794,-0.04734131067810463,-0.021826966062941336,-0.01578824484380742,-0.031101417703456674,-0.09889996168332518,-0.0730636333843957,-0.16588321619621368,-0.16341657208415364,0.03702375123405134,0.019320104475036903,-0.05446097072138888,-0.045329602689201894,-0.022974139171487072,-0.023509512108833383,-0.11081636413353896,-0.07522902814396902,-0.17188408755107365,-0.1301352771180273,0.038980223583121296,0.02605657366963693,-0.04865187748005522,-0.051473897845300785,-0.02559592514172369,-0.030446960964379727,-0.11586608921655922,-0.060741606685800115,-0.1591161844028799,-0.12398756218253655,0.033062595954854036,0.012778338528149432,-0.032831446079925136,-0.052869009876415005,-0.018367372962035146,-0.017455090421396504,-0.09349309170825335,-0.05783461210167659,-0.13968960220644103,-0.12799902942550478,0.0332777565220429,-9.829745569417506e-05,-0.008472684839857773,-0.05688325720335697,-0.02644855538100897,-0.02238350847996014,-0.08457402771986149,-0.03950602272503272,-0.12348434527686755,-0.11444621225647211,0.02473355330290595,-0.006660035138288784,-0.0033087141535161186,-0.044863379985780286,-0.011941203082845154,-0.019831481100024882,-0.06449042252515379,-0.014759167543076308,-0.06477161623312838,-0.08688835787460004,-0.06200842112453121,-0.07694729476223974,-0.08088262622178041,-0.07835335328226853,-0.06536795387996053,-0.05927929191654617,-0.0351587780968457,-0.25712666458109584,-0.12329590595020123,-0.7067806834006634,-0.22686137034981496,0.8260952181524114,0.37869262489015076,0.057936648213293106,5.86712324388875,0.11971627300736995,1.310693440709785,16.0,0.9734703317768626,0.38239639427629224
D02_ds050_la_seed3,14882,0.0002986083671638607,0.009950221527996923,-0.7515519834002009,19.46088009930671,0.24641137101160177,0.17724473937779062,0.36318838643353385,-0.030496452028987747,0.00016239230973048825,0.050370737306969504,-0.1712801656607395,11.342014441911582,0.169245776892052,-0.07475596249297725,-0.01214838055021368,0.24641137101160177,0.36318838643353385,-0.02323509077676713,0.2206885769983717,0.28417853554417644,-0.010949133877718563,0.21466582362250372,0.27163215838174887,0.033830221491780534,0.17724473937779062,0.23765317107344153,-0.002600487305578319,0.10697184131957463,0.08601010310668325,0.003966343196513941,0.03464724795965729,0.001065906200513508,0.011212304288286734,0.02389029932331927,-0.0008534021408403503,0.01852317135781049,0.027988544143736412,0.03422416910529135,0.08181706732511558,0.16065476834774017,0.06538334451022876,0.020399851477962295,-0.018362946949173675,-0.04501919293409717,-0.03621538355013468,-0.038815732773684906,-0.06938708855325813,-0.040509330367040894,-0.06408988459851028,-0.09041908615234584,-0.18442692863021853,0.005796853049597823,-0.029583273342331493,-0.04170715712382932,-0.0590652296986954,-0.02021320333477927,-0.054847029163413455,-0.06717129797015625,-0.057305915569240015,-0.13947130965066848,-0.18241994315308188,-0.002458722424873288,-0.016106798007382014,-0.03431893995831245,-0.051028717856754245,-0.01805758838978684,-0.04043232991338628,-0.04656451557833875,-0.0631168903623859,-0.14486432142808062,-0.22164548505831091,0.007849857750944187,-0.02007705569746083,-0.021551685515253476,-0.05481089115394653,-0.013379617863403432,-0.042475275159060154,-0.029552039647954966,-0.06357653034064685,-0.12521842940317865,-0.2308033710243976,-0.004833475287334313,-0.03052101531135147,-0.023017536613652915,-0.043387702999595185,0.0004207726575957223,-0.03665139065639662,-0.025996360178080654,-0.059381237684913026,-0.13197457298293563,-0.22177295738946334,0.009677393851095076,-0.014605167973576765,-0.007860467908723872,-0.03253199249362569,-0.002137571781015307,-0.045130405184914735,-0.03153817767337967,-0.07556595525883159,-0.14128804251040966,-0.21681624715940767,0.013869255788404953,-0.002441612245787425,0.012604983361055188,-0.028869631164229935,-0.019377844887679428,-0.012862069849767753,-0.012173109742139965,-0.0618108848408546,-0.08000877068283953,-0.1881362528858233,-0.060644224488968015,-0.0678017511376515,-0.06260712913439567,-0.05484037848284882,-0.050716557768946034,-0.05913203048171019,-0.03724653600065625,-0.07475596249297725,0.10419016417048836,-0.5608295542214419,0.07780992057765478,0.7648982892311974,0.5132833096734942,0.05037242972989504,8.345221119597788,0.16924577689205203,0.4,15.005006646980874,0.9773048958371239,0.32740567604074944
D03_ds046_la_p10_seed1,14882,0.00028189083420637935,0.011395203696508567,-0.44049316283431206,12.192137813200333,0.27175689977163137,0.21656015823749317,0.23156877703579679,-0.023113264123519807,6.466890988970786e-05,0.05252789409113821,0.23114160245731777,14.283862438541298,0.11403848351047632,0.13849094196604664,-0.06372810660003886,0.27175689977163137,0.23156877703579679,-0.0030006434115002444,0.21377393920584695,0.09676819348076929,-0.011587918497502752,0.20693516022780453,0.0988584993859135,-0.00027269339860948506,0.21656015823749317,0.19373581746288754,0.01143008120029792,0.16376819972885417,0.07923448366709832,0.014547768481775816,0.10733077700408757,0.024411059413154263,0.004813178794259918,0.11060479814069998,0.026229715760472866,0.022620067745447153,0.034356864020228396,0.0401480137556791,0.05193605959415459,0.20479361712932587,0.056754657655397,-0.005005453037941609,-0.03558374766978755,0.019543067098414357,-0.006563634467410886,-0.023595168734476066,-0.050626993460086714,-0.04612416057155751,-0.08420083646952549,-0.1115503382767457,-0.1451073512894674,-0.01100255552491295,-0.012633420000155236,0.031071328589819352,0.018277450785067633,-0.0010753568981140202,-0.0627548903211704,-0.04453446949646641,-0.11534071380801457,-0.12317159252658515,-0.18385796682614242,-0.019332215247382187,-0.022649105978570973,0.01590640753183322,0.0005226037447107592,-0.0006761062766311563,-0.05516548230848362,-0.05933580594083779,-0.11632228163683257,-0.1311363537528977,-0.20671899848058783,-0.013005081635277199,-0.026292749058734466,0.012087514642065582,0.001397865744161515,-0.00697208902911696,-0.049567664218917,-0.07398248822666924,-0.12450542093022976,-0.13723683973531275,-0.22077782963418152,-0.019535111777943377,-0.033413077334641106,0.02165217171634996,0.0026185102692326133,-0.004783451847542141,-0.05602821858374397,-0.06292208890134973,-0.12291842328969768,-0.12896197261673692,-0.21445931507210098,-0.014505426517405995,-0.032245650270540924,0.017970237288142284,0.006381761290868856,-0.014859113117987138,-0.04577746988447849,-0.043111403083692046,-0.11221936873807756,-0.09266508797197195,-0.1993519841354724,-0.020788020931946177,-0.05175801140965902,-0.0017248717036484125,-0.0006747224602655075,-0.007395565233548963,-0.03442286638706298,-0.018159622897484257,-0.07343486475562368,-0.05376683696174836,-0.1632819393357296,-0.0632194995024783,-0.06937540461007011,-0.07252720598313658,-0.07845290042804914,-0.07512283104781409,-0.061726488559241434,-0.03743595124709365,0.13849094196604664,0.14671887051587482,-0.48096589085523817,0.22049355707687754,0.8296653306008571,0.5634421685932536,0.05252965899308212,11.288057746719993,0.11403848351047632,0.747995044535765,14.714521342669103,0.9565700209189497,0.2370596372775624
D03_ds046_la_p10_seed2,14882,0.0003337896432031571,0.013452786901337098,-0.9049744302739763,25.451853522877343,0.3098272218098927,0.20917412755977421,0.19432239972592402,-0.0016176288671015363,-0.00021982281977758135,0.057589775721873876,-0.17856757822290079,9.050002295583752,0.11770898043880856,-0.2436598424689477,-0.017257104614314442,0.3098272218098927,0.19432239972592402,-0.014886229792815864,0.2531014599337375,0.09489321233923227,-0.012388193010947821,0.2690424454038448,0.13529360888809763,0.0170725650181172,0.20917412755977421,0.058506942074111556,0.006437962360774942,0.1724357934476,0.0501694149970501,0.013665107254700415,0.12756219455150955,0.008933927421090664,-0.013683979421557758,0.14025615028448993,0.012344573095409843,0.026232540979981386,0.03934943877160554,0.04567784218117593,0.0816065684407983,0.2234678417444229,0.06395257827272616,-0.0013556899649823173,0.015627545849275126,-0.04790520696833207,0.009177787939420546,-0.003067272415725973,-0.04437512226815547,-0.06592514114426,-0.07019073813103055,-0.15582530920504487,-0.12468342140452862,-0.009152192609885864,0.0045566160062890035,-0.04408940360424433,-0.020538484905288718,0.006027259714687334,-0.06190812873207425,-0.06563269737627202,-0.08825634410558836,-0.19319487824689155,-0.14096947959791165,-0.02081570663033912,-0.0018185677547632865,-0.03513430499585028,-0.036435720954100505,-0.00247116132490806,-0.061585046557881176,-0.07337454265262974,-0.09542347882900666,-0.19129649127359194,-0.10657081650826274,-0.012925571861817073,0.009648999238719312,-0.04364879941799908,-0.042198407855596885,-0.011736414892808831,-0.056871606501930724,-0.07864382666220929,-0.09640151834955177,-0.1683446470931722,-0.10113143241217412,-0.008549292294906065,0.007016251105145392,-0.04038684917531406,-0.03931456337630545,0.0014205209520900806,-0.03407981537293239,-0.07702726163812029,-0.07917702394226223,-0.14995622921217297,-0.09139527200160383,-0.018035199847464354,-0.003845133591625277,-0.03703832518817914,-0.032582953524761225,-0.003408425574533024,-0.02711359237222287,-0.06626303749637392,-0.07316774656716142,-0.13302214648006308,-0.07263034473928336,-0.0016262896003257804,0.0025210048108473427,-0.05276229045743275,-0.015001204921692006,0.027040478698253385,-0.03385522104904405,-0.05733011250961244,-0.05389516204845378,-0.07085481629483036,-0.05553202529767311,-0.06787671663284336,-0.08059295774922777,-0.08483014412760351,-0.08239960269993456,-0.06776396184267956,-0.06059498969807087,-0.037778966640737446,-0.2436598424689477,-0.1026135888208971,-0.7019305663043459,-0.21280061326363361,0.8289548111020097,0.39031974582572837,0.05759171069963912,6.052438725079165,0.11770898043880859,1.062625755970242,16.0,0.973798132437451,0.33935913451367805
D03_ds046_la_p10_seed3,14882,0.00029400857000360715,0.010086898176044976,-0.7316465589722037,16.28077868217617,0.2660865430023043,0.19753443310643296,0.36073113277421914,-0.03448594972706998,0.00017293393746641882,0.04779366388936471,-0.14526523638284972,10.305250761737836,0.16063026201769018,-0.022454194898313948,-0.014833118097242895,0.2660865430023043,0.36073113277421914,-0.010375390420160122,0.2421802564392294,0.2973965351281255,-0.009973609226012667,0.23454836863407816,0.2949682186779537,0.03355203116372082,0.19753443310643296,0.27678120795147176,0.004870731683140675,0.11887905957094054,0.0881372540467258,0.012397107824763231,0.046328674558104896,0.004987675994143868,0.014787187349214257,0.03792444151303863,0.0024549397259793393,0.01907535009086132,0.029694322831928754,0.03508961025625464,0.07735818100720812,0.1489155888557434,0.06378320652989689,0.0007572293094689832,-0.041189864904904866,-0.060647281453880195,-0.024914145210146895,-0.05229493689064556,-0.06275314919348227,-0.018802156319846323,-0.05727047121819156,-0.0739946295880793,-0.2048400231545143,-0.02309223874258132,-0.040442462103176036,-0.04983474200173438,-0.06173409573574493,-0.05001733998985935,-0.07079554357128166,-0.0382658658029853,-0.03900396309166161,-0.1078384675638433,-0.1988743238891709,-0.02840196337323457,-0.015026634770125958,-0.04551292146729887,-0.05258253698179527,-0.04596681472588356,-0.06891990801509902,-0.04025599784431546,-0.0410432237290198,-0.11338494979335857,-0.23862537503057143,-0.01900221026359859,-0.014817066069299114,-0.040907552942175865,-0.046852227602203075,-0.041430248478199476,-0.053782122998175606,-0.039585740323381545,-0.03550690584438793,-0.10142975366926148,-0.24835650711569524,-0.027537054107341464,-0.03641779955215463,-0.03787640177742374,-0.03320407431998556,-0.03133388033311842,-0.0409694226946386,-0.042476568602001226,-0.040806525564990544,-0.09823325370613112,-0.2418679583635034,-0.013228350948031797,-0.03441276874994755,-0.021145883479665756,-0.032349127501821735,-0.021713477177709457,-0.04106212596691208,-0.04707297989390149,-0.06624183115281902,-0.09190931701352906,-0.22267269746353502,-0.02423144626794604,-0.022060505087790536,-0.0055886646305549435,-0.015054260857184483,-0.02161929921553709,-0.029048344743103048,-0.03145707974679452,-0.04445661378999248,-0.04672905472110221,-0.19470345044996343,-0.053023068642049,-0.06118423600392624,-0.061914178821535285,-0.0543469542626812,-0.05076393018017598,-0.053599946240974215,-0.03466207844330588,-0.022454194898313948,0.13611442955087255,-0.5420939830663931,0.2049279556975399,0.7664612223515456,0.5649969580206855,0.04779526972435514,7.308109027069332,0.16063026201769023,0.4,12.141218369461114,0.9689657447120508,0.30236743198814353
