round,label,n,mean_sp500,std_sp500,skew_sp500,kurt_sp500,absacf1_sp500,absacf5_sp500,sqacf1_sp500,leverage_sp500_lag1_20,mean_DGS10,std_DGS10,skew_DGS10,kurt_DGS10,absacf1_DGS10,sp_dgs10_corr,r_acf1,abs_acf1,sq_acf1,r_acf2,abs_acf2,sq_acf2,r_acf3,abs_acf3,sq_acf3,r_acf5,abs_acf5,sq_acf5,r_acf10,abs_acf10,sq_acf10,r_acf20,abs_acf20,sq_acf20,r_acf60,abs_acf60,sq_acf60,abs_q095,abs_q099,abs_q0995,abs_q0999,abs_q10,abs_q999_q99_ratio,min_sp500_abs,end_sp500_abs,ann_return_approx,lev_dec8_1d,lev_dec9_1d,lev_dec10_1d,lev_dec8_3d,lev_dec9_3d,lev_dec10_3d,lev_dec8_5d,lev_dec9_5d,lev_dec10_5d,lev_dec8_7d,lev_dec9_7d,lev_dec10_7d
1,S01_tail_small_seed1,14882,0.0002638082132256,0.0061084386139999,-0.4170683677234354,92.7977782886734,0.064953797539074,0.0135367487171683,0.0101064012486546,-0.0007891881128563,5.5772073646014845e-05,0.0666789781324941,-0.2332020128778507,11.43212023902337,0.2536008919687764,0.0051342784537753,-0.0045315419724473,0.064953797539074,0.0101064012486546,-0.0189388499198442,0.0323205425415974,0.0084051405768057,0.0050789784052659,0.0064348083074871,-0.000601777452652,-0.0260788638380653,0.0135367487171683,0.0165972014577017,-0.0091623412124278,0.000799720458241,-0.0023942345631126,-0.0132516785984381,0.0091856417590982,-0.0012007308548291,-0.0016260390837489,-0.0111422805461008,-0.0032699522485891,0.00866070385091,0.012973052309826,0.0224938753247259,0.077986784651876,0.1381678581237793,6.0114445536311765,7149.69987192825,287748.82654517004,0.0642092703065044,-0.0386009033816979,-0.0318679702370623,-0.1204274590345183,-0.0352604457274589,-0.0509985876242896,-0.11850577896506,-0.0099390836962717,-0.0656513161482896,-0.1448413276103508,-0.0124524842791511,-0.0568476486038832,-0.1354496330073574
1,S01_tail_small_seed2,14882,0.0003474045820129,0.0145167869190428,0.1793515151885515,8.518331283048571,0.5642861368992942,0.4950107070185765,0.3617521974487039,-0.0147422995168075,5.5772073646014845e-05,0.0666789781324941,-0.2332020128778507,11.43212023902337,0.2536008919687764,0.0048863188353282,0.0046111837366901,0.5642861368992942,0.3617521974487039,0.0050739293537408,0.5310933808895506,0.3299054258295839,-0.0319684843625763,0.5108858253506283,0.3035277172192303,-0.0045010399725036,0.4950107070185765,0.2802495309319315,-0.0161616360283134,0.4657037232561158,0.2481762479834072,0.0218655302393974,0.4644784364960886,0.2410755295252684,-0.011283431849135,0.4507809893137162,0.2276815456548155,0.0321729976683855,0.0503268905356526,0.0564854868315159,0.0745332411527638,0.1625683903694152,1.4809824401919462,6914.600752715406,275499.4095713375,0.0634095623533885,-0.0715868659904026,-0.1194854132618186,-0.2679611532789342,-0.069336422346536,-0.1184685625731987,-0.2844520915245421,-0.0487849356091159,-0.0902120905492763,-0.2365182762358324,-0.0415840957546773,-0.0746721604582678,-0.1940261652676256
1,S02_tail_medium_seed1,14882,0.0002665744561148,0.0065971882954716,-2.0670851213931143,145.9261016912228,0.0662229373234898,0.0098457859591462,0.0078046602444829,-0.0021333556188933,5.5772073646014845e-05,0.0666789781324941,-0.2332020128778507,11.43212023902337,0.2536008919687764,-0.0016490844431184,0.0051212857340433,0.0662229373234898,0.0078046602444829,-0.0219960475449994,0.0278500166162796,0.0044585670350967,0.0065312087657195,0.0046540414741906,-0.0011960318467509,-0.0227494246042261,0.0098457859591462,0.0069500770169046,0.0037875813048889,0.0197991006373227,0.0171766457607292,-0.0176772830007123,0.0035501021459421,-0.0017408146527115,-0.0046844493933057,-0.009811749317408,-0.0027022359302212,0.0086945123504847,0.0131917818449438,0.0264732085634022,0.0807597033008939,0.1709134578704834,6.121970803500499,6185.184312320671,285429.66373424005,0.0640634526068162,-0.0183454616754017,-0.0366243379912557,-0.137578004833037,-0.0347074178818906,-0.039928727149104,-0.1220180246968336,-0.0206364037614019,-0.0588303411856897,-0.1454388517451673,-0.0324103005311138,-0.0552822159989001,-0.1290743113270809
1,S02_tail_medium_seed2,14882,0.0003335818190758,0.0126795097765885,0.2905208156454942,15.777249095164771,0.4236844585222243,0.349703305282265,0.1169801697328352,-0.0044155411833262,5.5772073646014845e-05,0.0666789781324941,-0.2332020128778507,11.43212023902337,0.2536008919687764,0.0041029037567239,-0.0006290410873531,0.4236844585222243,0.1169801697328352,0.0033868300523917,0.3890010244217852,0.1036612542777396,-0.0126718952832103,0.3693853149054404,0.093903836772106,-0.0056174268845227,0.349703305282265,0.0814392964916383,-0.0172144813579842,0.3387549511961826,0.0787124361218184,-0.0105928563264747,0.3303571329604296,0.073664923793173,0.0069934912570512,0.3120042270874714,0.0658058147608633,0.0269401914440095,0.0421618730574846,0.0491679829917845,0.0809457225799565,0.1765637546777725,1.9198796616457936,6914.600752715406,325241.76108896075,0.0664026171061062,-0.1098225423941494,-0.1037546665480301,-0.2493138300192293,-0.1092093017284799,-0.1021428516629379,-0.2647307934691839,-0.0957421465558827,-0.073294562084967,-0.2237178356338723,-0.0749486690143051,-0.0590837167711919,-0.1830326483836597
1,S03_tail_neg_seed1,14882,0.00026743756995,0.0067824622047272,-5.2285134899609504,173.528434644803,0.0696154894186023,0.0091541233389906,0.0085261169497543,-0.0013525098607391,5.5772073646014845e-05,0.0666789781324941,-0.2332020128778507,11.43212023902337,0.2536008919687764,-0.0032350776018686,0.0222128783300023,0.0696154894186023,0.0085261169497543,-0.0318523242549076,0.0315497076781287,0.0055543963770457,0.0103297487626787,0.0040519274941991,-0.0014137221002171,-0.0219051215525503,0.0091541233389906,0.0049635713476297,0.006392473316362,0.0158382569280399,0.0125128095443374,-0.0218313056533073,0.0050055456356324,-0.0013355406398945,-0.007153966709104,-0.0110886219375826,-0.0026348953808023,0.0087003717664629,0.0132992011494934,0.0284621201641849,0.082523292757571,0.1743737608194351,6.205131558651108,6185.184312320671,282257.6928024701,0.0638621171941635,-0.0139944231465092,-0.0434514429084227,-0.2003379553137934,-0.0273025891490822,-0.0337461231998377,-0.1452632712444503,-0.0108970975379599,-0.0509347289016494,-0.170406103089144,-0.0217047303178601,-0.0349696858970913,-0.1509357054473011
1,S03_tail_neg_seed2,14882,0.0003387137720722,0.0135445766224733,-0.5199334488921725,15.1125806358918,0.4682723697455601,0.4042899641866631,0.1335908419949307,-0.0081991537244096,5.5772073646014845e-05,0.0666789781324941,-0.2332020128778507,11.43212023902337,0.2536008919687764,0.0070001791287105,0.0038964127478597,0.4682723697455601,0.1335908419949307,0.0058279999675709,0.4407532321837245,0.1223199415471392,-0.0231213275691645,0.4213973177370376,0.1098762057119207,-0.0109057053406073,0.4042899641866631,0.106544988762744,-0.0228808889299544,0.3870897779171923,0.0943314095153628,0.007335019320047,0.3788372914951461,0.084754697721165,0.0028081990255116,0.3570590980361097,0.0756696066629228,0.0292303789407014,0.0441033400967717,0.0509590082243082,0.0728688638135817,0.1747158467769622,1.6522300500073808,6914.600752715406,293640.64001068764,0.0645585068369876,-0.1162884527534645,-0.1029494816645617,-0.23130168203351,-0.1115916399246459,-0.1005860011728512,-0.2724205135262197,-0.094233356695532,-0.0721307079629266,-0.2265112859346615,-0.0834766910409625,-0.0565801385292573,-0.1936942041328723
2,S04_tail_freq_mild_seed1,14882,0.0002655884692682,0.0059761196806605,-1.1395738596495053,65.39964396620356,0.0632444225329959,0.0154695091812549,0.0128570564304089,-0.0029153532918731,5.5772073646014845e-05,0.0666789781324941,-0.2332020128778507,11.43212023902337,0.2536008919687764,-0.0064104642465266,0.0023757893474742,0.0632444225329959,0.0128570564304089,-0.0193947161300057,0.025632203387632,0.0076453678854306,0.0018716435079809,0.0106105651567473,0.0008383920919907,-0.0307039414822249,0.0154695091812549,0.0268545348878676,0.0017784510708438,0.0126580993776985,0.0126212976905317,-0.0207584479398939,0.0164326931785786,0.012903480178103,-0.0057901940331088,-0.0071417032875053,-0.003029100578505,0.008651047758758,0.0132378024701029,0.0239214744139458,0.0786361658722163,0.0874555557966232,5.940273398837384,6863.505977244646,298838.74945214967,0.064890953755329,-0.071062019895981,-0.0373706948249845,-0.1464097382366626,-0.041306833833943,-0.0711490271818552,-0.1370062319180921,-0.0225647799442237,-0.0689528660100752,-0.1660304262613764,-0.0082847497835675,-0.0447472661296382,-0.1443829179786385
2,S04_tail_freq_mild_seed2,14882,0.0003458937955194,0.0139794489062288,-0.0631489521076593,6.671807266887369,0.5131361302436739,0.4380331332815942,0.3603815924949657,-0.0119344794136402,5.5772073646014845e-05,0.0666789781324941,-0.2332020128778507,11.43212023902337,0.2536008919687764,0.0044502397529668,0.0086172247926907,0.5131361302436739,0.3603815924949657,0.0026355038759753,0.4847753920295932,0.3344385696591198,-0.0175737230776454,0.4598834648374252,0.2941967466369158,0.0003513616606196,0.4380331332815942,0.2655800173096694,-0.0181327103551313,0.4044815860874649,0.2290076882912121,0.0017489499642773,0.4137733116673761,0.2365383500630518,0.0015884084044885,0.3858316748460439,0.2013723519420464,0.0304449006915091,0.0468752991780638,0.0525474078208207,0.066696812830867,0.1192121431231498,1.4228562590610394,6914.600752715406,300909.32978591503,0.0649993844999994,-0.0766643551842405,-0.1301110407567506,-0.2767704423378458,-0.0921422080534295,-0.121032289166696,-0.3126610758327054,-0.0926763682232387,-0.087798780492522,-0.2731403138989588,-0.0774384717508367,-0.063867826410206,-0.2336520755888539
2,S05_tail_freq_mid_seed1,14882,0.0002655590425421,0.0060297330076512,-1.4838807003099737,69.56790542213811,0.0676716594490795,0.014413637244932,0.0137407273174457,-0.0023816858868159,5.5772073646014845e-05,0.0666789781324941,-0.2332020128778507,11.43212023902337,0.2536008919687764,-0.0057244038026693,0.0049515154509005,0.0676716594490795,0.0137407273174457,-0.0237933835581814,0.0288694424151733,0.0080862109445273,0.0044853990549407,0.0113244873371136,0.0010514643504887,-0.029528291288176,0.014413637244932,0.0237107329903184,0.0078407321780148,0.0143782236588647,0.0182794672922636,-0.024511459295961,0.0190554233332093,0.0121778343465555,-0.0112586927826076,-0.0096774507423706,-0.0035070627359706,0.0086856240406632,0.0133085800241679,0.0269545030873264,0.0776478924751286,0.1058950424194336,5.834423532347016,6698.871581366266,297150.00189544656,0.0647887701152702,-0.0402214188484252,-0.0395465316644003,-0.148711515373034,-0.0340368699223671,-0.0560493209285242,-0.1375821186558411,-0.0237736327013688,-0.0641258735039006,-0.1642165060757054,-0.0116350518709507,-0.0506691986605843,-0.1425472005257777
2,S05_tail_freq_mid_seed2,14882,0.0003547546019047,0.0146654022311444,-0.0890113591399627,6.937599594660865,0.5423376235678032,0.4658906049255077,0.3482103525637658,-0.0105966444764995,5.5772073646014845e-05,0.0666789781324941,-0.2332020128778507,11.43212023902337,0.2536008919687764,0.0032434435634292,0.0037046482549761,0.5423376235678032,0.3482103525637658,0.00505481931605,0.5079088373289335,0.3110243974616302,-0.012788093317562,0.4876215030656607,0.2815223120236077,-0.0013375873000065,0.4658906049255077,0.2539690390545238,-0.0160304305595431,0.4354374388924449,0.222023997711883,-0.0002245687022304,0.4424301990787737,0.2282415871465161,-0.0017564992660303,0.4194781733854572,0.2008029238378997,0.0320556068792938,0.0478921282663941,0.0540893039107322,0.0694290470182906,0.1380160599946975,1.4496964225957962,6914.600752715406,296414.8169592689,0.0647280256389599,-0.0941776551966141,-0.1539303790972641,-0.2916481027647657,-0.0897579515483152,-0.1661075772724253,-0.3182821282904611,-0.0880549484580951,-0.1353506807115131,-0.2761986440084887,-0.0779352754464226,-0.1017376780837855,-0.2320143247098146
2,S06_tail_mix_neg_seed1,14882,0.0002663688048475,0.0061819896179409,-2.191667610253645,79.8499455378317,0.0688256397310621,0.0143245015463321,0.0137373422519907,-0.0023552080921614,5.5772073646014845e-05,0.0666789781324941,-0.2332020128778507,11.43212023902337,0.2536008919687764,-0.0062910103302839,0.0123606122970806,0.0688256397310621,0.0137373422519907,-0.0241376389222754,0.027989906603874,0.0065332272910514,0.0018448645925254,0.0124901081084932,0.0006514057616227,-0.0257504429737896,0.0143245015463321,0.018182012436302,0.0066397589042851,0.0148520829278108,0.0190399006118096,-0.0235002915082652,0.0185204783935721,0.0093419357900816,-0.0132399740182985,-0.0090072010337147,-0.0033171467409189,0.0086931894067674,0.0133062473218888,0.0286707284022114,0.0783035835400227,0.1208927929401397,5.884723291683687,6583.9934386427,296308.734216413,0.0647376530112793,-0.0338615982981993,-0.0190179103176374,-0.170276005548869,-0.0510782794857982,-0.0313164680503287,-0.1460331053802717,-0.0510451589970002,-0.0437819947228566,-0.1678088987982868,-0.0338426780231649,-0.0440219220239053,-0.1419218940938689
2,S06_tail_mix_neg_seed2,14882,0.000348528532252,0.0144890969382773,-0.1978784516185806,7.7859770617737105,0.5552938575533198,0.4820756477523055,0.3788394181825839,-0.0126293882026688,5.5772073646014845e-05,0.0666789781324941,-0.2332020128778507,11.43212023902337,0.2536008919687764,0.0075831932277589,0.0014532798073553,0.5552938575533198,0.3788394181825839,-0.0016198156872919,0.5175233426836725,0.340344339402008,-0.0312126581298399,0.504083318227479,0.3156055569438098,-0.0045649235246814,0.4820756477523055,0.2902248520741045,-0.0140081575909884,0.4514013330941004,0.2536812956823197,0.016676527235487,0.4557765585602461,0.2525469694504851,-0.0085570709275614,0.4325558224792797,0.2325887651202834,0.0321887811645865,0.0495391127839684,0.0555578041635452,0.0737114634886397,0.1260719299316406,1.487944764172155,6914.600752715406,280241.7926066052,0.0637169363539607,-0.0784103203435176,-0.0966904140709735,-0.2478872181233106,-0.093791556672197,-0.0897928138051679,-0.2631994717849087,-0.0723913520391539,-0.0624981251270157,-0.2127692250342086,-0.0590308539918478,-0.05076190531773,-0.1748859478218567
3,S07_pure_tail_mild_seed1,14882,0.0002674078904491,0.0059792403063341,-0.6771477726321845,83.32762437427337,0.0697263345158545,0.001293637671438,0.0171172338152704,-0.001618203688872,5.5772073646014845e-05,0.0666789781324941,-0.2332020128778507,11.43212023902337,0.2536008919687764,-0.0030544480231986,-0.0120069282408781,0.0697263345158545,0.0171172338152704,-0.0495265931027479,0.0156050208710428,0.0001779234971697,-0.0067728077013011,0.0111185523591888,-0.0014206596151332,-0.0037870956797915,0.001293637671438,-0.0008722289344805,0.0008939319071056,-0.0053631483319353,-0.0035509922395612,-0.0159903337556573,-0.0037787814078458,-0.0036497960989475,0.0034978390922814,-0.0006580031270633,-0.0020732695567281,0.0087236213497817,0.0129553334694355,0.0196160807460545,0.0781301047056915,0.1425606310367584,6.030728957306829,6987.080842345677,307074.5520333011,0.0653808282941428,-0.0977322582404954,-0.0448177871155512,-0.0681431742770663,-0.0547826473974747,-0.0496251238752802,-0.1325131441081905,-0.0485813460254107,-0.0525163459307261,-0.1153263623896063,-0.0424469166029117,-0.063255657871886,-0.1030399044442011
3,S07_pure_tail_mild_seed2,14882,0.0003342143871674,0.0133188377949438,-0.0303004092500819,7.239469287083002,0.3824825610858498,0.27021111076749,0.2241629277023029,-0.0132168409431381,5.5772073646014845e-05,0.0666789781324941,-0.2332020128778507,11.43212023902337,0.2536008919687764,-0.0046549504838721,0.0058932457719155,0.3824825610858498,0.2241629277023029,-0.0070434623919729,0.347390881659582,0.1920219939436627,-0.0116195569246994,0.3115436726917491,0.1746120786844405,-0.0167622406991027,0.27021111076749,0.1286735911832624,-0.0035849781265141,0.2615546546711402,0.1197011742155505,-0.0167221077646191,0.2475322166813583,0.0984566424972814,0.0133017845119054,0.2410245840831938,0.0994865210716961,0.0275433655828237,0.042579254284501,0.049444312211126,0.0765829379484066,0.1130675971508026,1.79859744458425,6999.263612467278,289373.4355820384,0.0643515390374149,-0.1225263461854103,-0.1532475397293794,-0.2521981703342149,-0.1319248392647787,-0.1680355315888622,-0.3473417102279024,-0.0956719730833853,-0.1460923284808348,-0.3206484364898871,-0.0804683625167455,-0.1213944227768753,-0.2668182548402002
3,S08_pure_tail_mid_seed1,14882,0.0002694380601917,0.0062972138061671,-1.6241528611441802,117.48070234203745,0.0755782665929049,0.003704052105643,0.0157970978776336,-0.0010281921018616,5.5772073646014845e-05,0.0666789781324941,-0.2332020128778507,11.43212023902337,0.2536008919687764,-0.002490907481136,-0.0044179275523629,0.0755782665929049,0.0157970978776336,-0.0478898946128882,0.0158561244436482,0.0001271034054196,-0.0056153736717953,0.0126201736970694,-0.0012017737234178,-0.0054471035392387,0.003704052105643,-0.0010013166316954,0.0029926058689069,-0.0054413675558845,-0.0028926647283168,-0.0160914637800268,-0.0015417105255607,-0.0027312555550361,0.00296367165795,-0.0005243059617823,-0.0019534559801934,0.0087793068028986,0.0132649247907102,0.0197326855454592,0.079236036852004,0.164911076426506,5.973349875869255,6987.080842345677,306941.41142109886,0.0653730047522385,-0.0641609788968527,-0.0535473274988312,-0.0780147304280412,-0.0342097122100389,-0.0673728817576997,-0.1288451448001777,-0.0243864272718061,-0.0506755583250579,-0.1183263413061557,-0.0174636273645497,-0.0596251566793343,-0.1073558968181425
3,S08_pure_tail_mid_seed2,14882,0.0003420568442333,0.0138794700471246,-0.0728261501123722,8.736577139314393,0.4012140304206944,0.2983762777975298,0.1891308119512169,-0.009285670452382,5.5772073646014845e-05,0.0666789781324941,-0.2332020128778507,11.43212023902337,0.2536008919687764,-0.0040926736636709,0.0068286481664513,0.4012140304206944,0.1891308119512169,-0.0001520523665981,0.3691032236794543,0.1600087132109504,-0.0109520662812051,0.3354722699322197,0.1415981178894196,-0.0210466121079652,0.2983762777975298,0.1104301962964047,-0.009795162305535,0.2831713108791062,0.0993995614870203,-0.0181644951546391,0.2740273403752059,0.0886474611888376,0.0143741513644645,0.269299161429252,0.0867587336785853,0.0281224838458001,0.0439222748577595,0.0507232324779033,0.0781043175011881,0.1435622870922088,1.7782393501731335,6999.263612467278,290046.63016438746,0.0643934193726667,-0.1050298100129603,-0.1555597101785298,-0.2436836416785285,-0.1167067785281877,-0.1988761157561598,-0.3243566977169504,-0.0810054866396182,-0.171816644528713,-0.290531713194164,-0.0708999116146681,-0.1510805002291353,-0.2359927416324756
3,S09_pure_tail_rare_big_seed1,14882,0.0002711140098416,0.0065423417600223,-1.2871387182396246,188.6161109713751,0.066881880949329,-0.001095666790502,0.0082282461151966,-0.0019196903228227,5.5772073646014845e-05,0.0666789781324941,-0.2332020128778507,11.43212023902337,0.2536008919687764,-0.005429406243926,-0.0073728931088726,0.066881880949329,0.0082282461151966,-0.0402450769389213,0.0121513117576531,-0.0011426033633774,-0.0096299175015924,0.0123220710185093,-0.0011300993386576,-0.0064986838503557,-0.001095666790502,-0.0013226783339806,0.0018486650116206,-0.0011151401697034,-0.0016263792793254,-0.0076718938166756,-0.0055709037785565,-0.0020295002581462,0.0040465338186937,-0.001245216276635,-0.0012744411839465,0.0087891087867319,0.0130265349987894,0.0186876356787977,0.0786543235182762,0.1775050908327102,6.038008075484819,6987.080842345677,307290.95695612073,0.0653935374595451,-0.0219599030786405,-0.0426273349384572,-0.0619530945164522,-0.0391693787081839,-0.0593307573134466,-0.0972303349537929,-0.0452286478270258,-0.050269395402405,-0.0961307428826691,-0.0408282172479754,-0.0541664950914319,-0.0879963958354886
3,S09_pure_tail_rare_big_seed2,14882,0.0003445492833552,0.0140308828394193,-0.2456550514603224,11.223853533167516,0.3731040538517418,0.2779246778086046,0.1197636836833166,-0.0089668120583917,5.5772073646014845e-05,0.0666789781324941,-0.2332020128778507,11.43212023902337,0.2536008919687764,-0.0070123847285077,0.0109231821920898,0.3731040538517418,0.1197636836833166,-0.0015570686604083,0.3468061500650248,0.1186765735322515,-0.0077924936029617,0.3129316237807228,0.0990543445736793,-0.0186487487990856,0.2779246778086046,0.078897659784945,-0.0098208529032561,0.2552055800103197,0.0613684114211322,-0.0110619372163268,0.254478297568703,0.0567865486172584,0.0080787808756232,0.2500089660134248,0.0605629709574547,0.0285534026101231,0.0430746758729219,0.0492293165437875,0.0782159597575676,0.1699383854866027,1.8158223636625577,6999.263612467278,290859.8261175997,0.0644438821327706,-0.1119828759121186,-0.2017786400185999,-0.237865888795991,-0.1238264137426607,-0.2134203626631295,-0.3171876817270168,-0.1009669587854384,-0.1748699536345908,-0.2939288961724481,-0.0890778560201282,-0.146122740900969,-0.2497048402038438
4,S10_disaster_light_seed1,14882,0.0002719438137596,0.0066573328942677,-1.7245052290799148,225.47695087897824,0.0733790721670991,0.0035345504019306,0.0099265276612197,-0.0015547886609787,5.5772073646014845e-05,0.0666789781324941,-0.2332020128778507,11.43212023902337,0.2536008919687764,-0.0025318209930604,-0.0070944572210894,0.0733790721670991,0.0099265276612197,-0.0355472394476954,0.0116292909307356,-0.00060339859969,-0.0161698629356483,0.0156813609464308,-0.0003704007827476,0.0006967767780912,0.0035345504019306,-0.0005972449111826,0.0046162598529025,0.0004329831400937,-0.001270413951745,-0.0079978964214977,-0.0027313229065407,-0.0015674141079636,0.0017767715536072,0.0028163114864514,-0.0009787756257553,0.0087585742119699,0.0128602672368288,0.0178780896682289,0.0787316918969155,0.1800000071525573,6.122088324218194,6987.080842345677,307271.91734832723,0.0653924196424593,-0.0430468986636353,-0.0705687941568802,-0.0497814096290778,-0.0188253928096815,-0.0888728530654668,-0.1079833013504775,-0.0118937705201152,-0.0672430120365967,-0.094763368995984,-0.0205213182376475,-0.0712165704816575,-0.0773178617906354
4,S10_disaster_light_seed2,14882,0.0003376616213099,0.0135765978108551,-0.3918994626763932,14.90770666155609,0.3369145172270592,0.24994524014421,0.083939096283792,-0.0045870319663179,5.5772073646014845e-05,0.0666789781324941,-0.2332020128778507,11.43212023902337,0.2536008919687764,-0.0067844729363978,0.0053069842987766,0.3369145172270592,0.083939096283792,-0.0048660842843205,0.3064428669679048,0.0721242605955692,0.0021098254946855,0.280997387857566,0.0772349533577033,-0.0227575257742273,0.24994524014421,0.0637231744485212,-0.0035636274737361,0.2274812037751442,0.0447282718559383,-0.0101757358745222,0.2143423861896732,0.0323535691507924,0.0104215884989153,0.2247271727616461,0.0441614384858815,0.0273625321686267,0.0428924731537699,0.0489411381073295,0.0781440658271313,0.1800000071525573,1.821859642995732,6999.263612467278,287668.6264040207,0.0642450506698422,-0.0965026801279347,-0.1786264190117284,-0.2472110507191531,-0.1309490395658661,-0.1825299354732397,-0.324958055934094,-0.0971700496631399,-0.1532508311757923,-0.3135578885832226,-0.075179095158906,-0.1163138086380699,-0.2727063176065642
4,S11_disaster_mix_seed1,14882,0.0002730276149135,0.0068025125944834,-2.2305157883698783,218.1222214027485,0.0665205484174699,-0.0003523176586175,0.0086744706322293,-0.0022860097473811,5.5772073646014845e-05,0.0666789781324941,-0.2332020128778507,11.43212023902337,0.2536008919687764,-0.0075890946923624,-0.0028840166278943,0.0665205484174699,0.0086744706322293,-0.0382729782175011,0.0187789265890364,0.0004229589487552,-0.0078072736317311,0.0095684451740692,-0.0013424191882221,-0.0065885346233668,-0.0003523176586175,-0.0012490725387699,-0.0096309000571317,-0.004608342553136,-0.001657633510265,-0.0095662738342177,0.0033704494767774,-0.0013897512769666,-0.0047814858619237,0.00149345298,-0.0014026993884686,0.0087655836716294,0.0131467169336974,0.0190909323096272,0.0821686590537429,0.1800000071525573,6.25012765302107,6987.080842345677,307436.18025128543,0.0654020612927146,-0.0556021054588453,-0.050768209409785,-0.1050149975491313,-0.0435556665916937,-0.0678498365698102,-0.1493179787507569,-0.0610526934140969,-0.070008576527489,-0.1050416420716468,-0.0600954350405224,-0.0468332739442003,-0.0870610977289273
4,S11_disaster_mix_seed2,14882,0.000355947721165,0.0148704603023452,-0.202516380665084,13.152801489722933,0.3907362838460241,0.292375781187031,0.1112222072677698,-0.0083414737782156,5.5772073646014845e-05,0.0666789781324941,-0.2332020128778507,11.43212023902337,0.2536008919687764,-0.0064558968517308,0.0083795422888265,0.3907362838460241,0.1112222072677698,-0.0034494383169241,0.3616502231637129,0.100765895456732,-0.0049173299223802,0.3323282260444903,0.0903883631911388,-0.0166974943310696,0.292375781187031,0.0655539118158214,-0.0110483637314054,0.2749488024595953,0.0523483336922738,-0.0136711381183076,0.2751132451541815,0.0540783608795792,0.0112884420142674,0.2727586564775226,0.0589434549177504,0.0300054571591317,0.0453686663508415,0.0513053001463412,0.0832331610992552,0.1799959540367126,1.834595719777232,6999.263612467278,287518.26361500693,0.0642356287293559,-0.1454240911744929,-0.1795611989094064,-0.2369683502837083,-0.1409804817021514,-0.2018431465002722,-0.3162793391935186,-0.1178514102407202,-0.165001772488936,-0.3010226003592949,-0.0970678430840936,-0.1430351778641249,-0.25331719006379
